PC1,PC2,PC3,PC4,PC5,PC6,PC7,PC8,PC9,PC10,PC11,PC12,PC13,PC14,PC15,PC16,PC17,PC18,PC19,PC20,PC21,PC22,PC23,PC24,PC25,PC26,PC27,PC28,PC29,PC30,PC31,PC32,PC33,PC34,PC35,PC36,PC37,PC38,PC39,PC40,PC41
-0.15724244814097713,-1.7115033957403138,-4.56394819443289,1.1960718727827364,0.6788359319616133,2.9899511878977383,0.4371485225617271,0.9927621274983076,0.38636159026277606,-2.3648311290467685,-1.5657555824540443,-0.6583345066206578,0.880627456242074,-1.473283057225584,1.3266941303376132,1.3462263922072746,-0.9407262803195686,0.6825746346706829,0.5646095519854176,-0.3049267613365892,-0.8022408964556821,0.9337211394006207,-0.841913298988589,1.754812388235793,-0.9167613197826998,-0.2773870184462414,1.9135008231201829,0.3841611706632361,-1.2249024683656486,1.4502883854987207,-1.1092574141288907,0.7514317421771586,0.2508585690050395,-1.1984907169267707,0.08919516409511356,-0.14756880363984104,-0.2122163907990265,-0.5681752930734445,0.7049288594065929,-0.18120674813644164,0.20823462485635322
6.754543844947567,-0.5697510384949674,1.5652341513535728,4.2852653037099895,1.7362442201473551,2.090703117638393,-0.5954254601123312,-1.8261671864285967,0.15161655128949084,1.2803692692648092,-0.14066755942884374,-0.49757084723929423,-0.7735280118972867,-0.8941669513802986,-0.4561409390771809,2.434373391037877,1.9064354052233727,-0.8314654431418457,-0.8869921763288835,-0.8852964312809946,-2.305584536937314,1.0713809134962653,-0.23097833647422394,-0.22682188579434012,1.3524726305727781,-1.1438863750606807,0.05943927310717368,0.14092512392612822,-0.5243389264923067,0.8540397110257059,0.3670329930852551,0.19142806227188067,-0.08319176130405895,0.07639036774440137,0.602091692008179,0.07626771782168186,0.8148778632138138,0.2379545373847921,-0.327415919894176,1.4394251385585275,0.07879999291395849
-0.8674883180525995,2.981687379563402,-1.8694958553113876,1.4264262137609551,-0.39241316346030636,-1.553294475105391,1.0151274640681291,-1.3862674956174894,0.47946631727432565,1.0257271900097222,-1.5530741403239456,3.0789376113822544,-1.3374233526719266,0.24834162127426412,0.5437601586996267,-1.3525023314536524,-0.911572035492223,-0.11440231206767508,1.5535262632655766,0.324680759699803,0.935086234674055,-0.5203595835182456,-1.3736775561598848,-0.043873342705000755,1.7294971266747379,-0.12795860115996419,0.27684590259119213,-1.4782005026397407,0.03911559816812465,-1.6272623189164923,-0.34660247690801316,1.4338246794798957,-0.17002416926379474,0.7712866794419964,-0.4027832957258924,0.41554182275718476,0.7116252639752737,0.2331177039960734,0.450201714544172,0.23751914058644244,0.5332464501940174
0.2780946691190677,-2.5349303871578317,-0.8197178340622,-1.1809364682749846,0.1815282944972468,-1.2530671549876,-4.688118880289321,1.2430168718432295,-4.2744369781308675,-0.031422109439801366,1.3148353392516983,-0.9959323130885739,-0.05037160909050968,-2.150448072533847,-1.9266706881795344,0.7639615431269622,-0.17918278090726417,-1.8445184937707788,2.0840618683585475,-2.2935784551367284,0.22625902123898056,0.8804835812555711,-0.12850053453150417,-0.12206069097116526,1.1271679925342806,-0.35484156228691754,-0.3759934027246471,-0.33853882021778464,-0.22170640878223086,-0.5727623751253025,0.17803914423572625,-0.6028209687961805,-0.2785859219837461,-0.19966414802497906,-0.34637489705711905,-0.9993163803285708,-0.36633810851534926,-0.8753820764844766,-0.3310735321109018,-0.02240130672895457,0.24691720070002332
1.976629673034914,1.2094483142639132,-1.0817857918734446,2.1210589864919847,-1.485830083867178,-1.2675360425741236,-1.9512478169581184,-2.441970449557922,-0.1330600784554384,-1.5940644068002405,1.0594244785108393,0.4578136953287181,0.4163929327129602,1.4116712908586815,-2.5204977025024307,-0.6950404198084267,-1.017109846900829,-0.9372128308413974,0.034744558623996176,-0.5932593809349417,-1.0339815620930637,-1.1626872069030794,-1.6346999534098705,0.9094963287830031,-0.42783645285879973,1.0099380955858934,1.4050912567457436,-1.351467635223737,0.6565920328261008,-0.20262970166871944,0.09515562072187617,-0.006447770380654572,-1.7659114972637422,-0.9852420186918417,1.2583219571541782,0.027115121447761445,0.4948457146601064,0.3170433558986078,0.7709384597631032,0.44092193989968614,0.7037809971428488
0.07440197247982641,-1.2835410598148238,1.101391741439612,0.454969657236,0.09969758274833629,-1.8380777366188688,0.8977272597864189,-0.09341802885960754,1.5250209512358415,-0.6576613462735758,-0.4876370898170498,-1.5323606289696556,0.605061548878952,2.1958742851387125,0.5768658248850024,1.6099675847168147,0.560425982006667,-2.7204868056664187,2.3303314868606173,-0.7498225404004942,0.8278237953243193,0.5564455992682117,-2.081776762492149,0.6794652187836768,0.9946813640302086,0.7782725911744937,-0.33849250231803163,0.8704852104099547,0.5042498497564575,-0.7708458418569674,-0.8286698350248717,0.30555449465524404,-1.6862523364246003,-0.2657268584179052,0.47505968287517186,1.676768693690411,0.9176632849364891,-0.6136681907872275,0.07039856061146389,0.9029940025320732,-0.3919650413704406
-1.1928024342401642,-1.0875021093395045,2.920580160946885,2.1933295826282238,0.13287431543587708,-0.6756179088998445,-0.9781569164508307,-1.1239422193933861,0.8298433983083787,2.6722586142538205,-0.7098942811568126,-1.0957469812805685,0.44708507397950076,1.577665981607008,-1.721878772513996,-1.7940725376491522,-1.7136869086152655,-1.8940510293340447,0.5353462127754022,0.22607787019666548,-0.16914435088899082,-0.4957746394420805,-0.4785955633325355,-0.05159280106667074,2.051735933522986,-0.4116756818257766,1.3357694124217132,0.40423837389686096,0.4773004769427995,0.5849833256832598,-1.5260416862791684,0.36930586557392087,1.1413005524702922,1.0608272170929882,-0.6348769293024996,-0.195278097103804,-0.6945767537996743,-0.739500815991717,0.03235221906354807,-0.07369134502903309,0.2866045156971216
7.941766327977509,1.5089933957345034,-1.0902693208668932,-0.23432320432025042,0.7588905804869187,-1.6159521707763218,0.369856594528077,2.641934885339736,-0.8541834996909097,-0.874940173514556,-0.12913672247656768,0.5851068472569515,-1.1809846451685428,0.6057263292320403,0.876269454270735,0.9397076610629305,0.9425729851935218,-1.4998112823082501,-1.0083565459114523,1.145725133027344,-0.21853558099024917,2.403507686897731,0.685820854622998,1.0949602716621583,1.024962707451081,0.3392983979484466,0.5308138930206624,0.16938500667619777,-2.2337045770692914,-0.7588003880239673,1.5577440090662247,-0.20580548504868978,0.6455891170939905,0.13426310967080587,0.11518614573150109,-0.8896884895480358,-1.5242230578943736,-0.009667446379506148,-0.463977015059721,0.42017025406578407,-0.6730276217508584
2.339491863428788,0.37657393565591274,-0.1613387615408259,-1.73152838577405,1.2843663887043903,-0.9923399297893579,-1.898214854099357,1.9044863683981854,-0.5622957412708157,0.20372036171184446,1.3994074259663067,-0.1285672516880653,-0.5713962571999005,1.8738581580266944,0.23108823744090906,-2.3538735046630217,-1.8400354678777726,0.7582159996294952,-0.5789489872948369,-0.139758699287358,-0.7829402968303176,0.7213285138523967,-0.308862540816855,0.08736925118290549,-0.7020580842334885,0.27362798063253774,-0.06026595889435068,0.5153981145238994,1.5558994845519343,1.5301825904081048,1.4241783873832412,0.49671096689600375,0.845191298333169,-1.080605388787784,-0.3386936782989461,-0.10852517458490825,0.48675394326383675,0.13132815606739226,0.22284427875299323,-0.178230833529067,-1.4507732729820402
-4.667196414531206,-0.04246638399809269,-2.4578274878825117,-1.958391302937164,-0.5693100628140421,0.5044230492589001,1.4961801554907188,-0.8855571839450039,-1.2526457685701375,3.1986936372121413,0.4037404942520502,2.9375743028342476,2.701088922862769,-3.2395802837206573,-1.2011724345450896,2.715949623880618,0.048915948404413094,0.8160473746629985,-0.2697381436404904,1.294396461571583,-1.1605353649078376,-1.281400552573497,-0.20228378583702014,-0.34118693639842484,-1.218755655337693,0.9248079645036557,-0.903026560519909,1.6422482929234805,-0.19269335426170978,0.6052331990036003,0.2106194741857463,0.09741353080069479,1.2557179297490448,0.2578496217529721,-0.4813130089628804,0.6547081605672301,0.5538856107035289,-0.8250527205509002,0.31613285929269613,0.6404242353498428,-0.25004095322678327
1.6493036310482594,0.7459055237438365,-0.02845435221387709,-1.6537645771411864,-0.1328681010206889,2.3195796716389765,-2.004288929770971,-2.8572704352781533,0.8846504025425408,-0.4192056972449557,3.0344729812511324,-1.3976283216251006,1.1971775438231307,-0.7000072003450796,0.6852962512267217,0.5361636230215303,0.40346355579872756,-2.2192370811295548,-1.2586304894621303,3.191722460646477,1.1785953516821046,-1.1262568032140423,0.15240321169865195,0.21205964772663533,-0.9394841116393308,-0.39960205454857045,-0.22611715924349293,-0.5397332333513641,-0.31347835231448606,-1.100078620819627,-1.366943892209805,-0.4159793678309519,-0.19713178390208014,0.04439781219838139,-0.7751618250466434,-0.519081769453888,-0.47257673939958855,-0.03440168172004676,-0.6583193807887814,0.033892770040338055,0.13337600528408164
-12.18573783133371,0.8615346823345964,0.6053229925826615,0.2783518276362863,-2.918454074824047,1.6763492801126287,-1.2637956761458167,0.04273123334169629,0.1997205269036791,0.5957952876973345,2.092317109812927,-2.0829127981783615,-1.6144555523691064,-2.9360486091863107,0.23071774974293777,1.4511071623208376,-2.171134094948798,1.6893809998703109,-0.16689843710242264,0.6490724206375854,-0.8379677784379984,2.919059244043946,1.3499182685571827,1.0392271883047697,0.9656725270193586,-1.0401899487669377,0.2949928239387097,-0.28335153009412384,-0.12275665571946641,-1.0637991992003502,1.3078650250106163,1.5041072024757878,-0.5913611617157795,0.7831038293513701,-0.6083869625615629,-1.000237281445194,0.34545228494571445,0.5042059489708364,1.0370409832635223,0.1357129972608973,0.7866036483703789
-4.694476120906811,-3.740446701890079,0.3928890073213327,-0.7303829287660357,-1.379433335356871,-1.5190858813406296,1.8497493277301225,1.9149643010796495,0.9637056116072683,2.301524049595999,0.13689099702718852,1.0019494964196491,0.05000274694334784,-0.3521555873175105,-1.3003571434242045,-0.7675812467821037,-1.1415179979789234,0.054789661411089034,-1.1235916081632713,-1.681980708120481,-1.197327136494787,1.7305151887997083,-0.018545725114170027,0.5511735427238585,-1.237656193274835,-0.9914153018821154,-0.8918606409820068,0.3918555041130957,-0.12341611360075845,-1.2071892822827708,0.7409260645091802,-1.6582947961089631,-0.9516921147858712,-0.9567129202223893,-0.10184893758901103,0.41780444335471173,0.641692535407975,0.44222518971889296,0.18139796053630308,0.6998797533339152,-0.21141510853274073
-0.645056709644167,0.40678819694678514,-2.8606532991555107,-0.4335471171314378,0.8736829017130647,0.6040496196594441,-2.277423342155443,-0.3140883497157743,-0.5433650496999629,1.6313829086015605,1.1165602747461987,1.509862045073498,0.46288460839851475,0.5170805684467384,-2.4419535727115433,0.09927386419715808,-1.751780324659172,-1.5723723405788974,-0.2156148788812135,0.7198371929927576,0.6568664424773344,1.297996930361921,-1.0032479193374406,-0.45633582736242606,0.41215744253843345,0.68049578755595,1.0557316460162287,0.9916589752376714,-0.38441455735521785,0.18032893289979285,0.2852081353426282,1.2464101664011715,0.9094512124831649,-0.23732793496748217,1.2183070121104695,-0.6147838339901548,0.8580286761820368,1.1401080892953717,-0.6024616246128607,0.46266787444263374,0.28317541225541143
7.174526471590261,-2.428415392511308,-2.223039737226027,0.8121928675061423,-3.8223765131679452,-3.2384721880775382,-1.0142856346674243,-1.1397864598287368,1.000912566987732,-0.8052926528972336,0.26866816249219516,0.28722130901514353,1.9552325774635504,0.8930210805054198,0.5187900396278171,-3.2247928654719744,1.1630647535810308,-0.3779715593547706,1.2649034497129719,0.6865931295126343,-0.8062127599439667,0.6382731663831183,2.0455988418077635,-0.9875487553552663,-1.7073793456551307,1.8233309219765426,0.5052110099247573,-1.9932359862841837,-0.652270428832918,0.27232933376723045,0.9916063843062835,-0.5704094340812871,0.7720776336328741,-0.42439776821202996,-0.6181522333717064,-0.1291527141151636,0.7794602249412307,0.51680419703796,-0.17117509194309166,-0.008614556133298404,1.4294509646495825
9.499139798859604,2.7807507752810676,-3.1347274567774326,-2.5363316098888418,1.086500707580549,-3.0091773505281414,-3.3416538477862456,1.3258529886485944,2.055971777410942,2.4697660958516434,-3.7024694421807083,0.0708092694428948,0.9227485595307919,0.11464911694444578,-1.912569463138996,-2.2397268317324572,1.168308744006411,1.6369714844780165,0.7642626685150834,0.7646477826155156,0.3189932813067887,1.270645081580032,0.6726207020496623,-1.8041931569567442,0.6429547471253714,0.15141316036130748,0.9395064924826564,0.9752722074819482,0.4627941373623213,0.41285724995647893,0.44145849434518025,1.0237391562542086,0.5465570450774763,-0.010874021192223027,-0.30447846105199783,-0.7648775673303541,0.2397035503422088,-0.10979021392147029,-0.41712238812102503,-0.529581360625756,-0.10803469781208086
-1.7213926950956893,-0.05577463607224018,-2.594998979547949,-2.5049234908012483,3.2709517529374783,-1.5579188367815293,1.0050870147790247,-1.9310314459987221,0.7992301444829862,-0.23356961484634872,-0.25932281659874,-0.07320869018573997,1.415602078408773,-0.09052658688087438,0.040600356975105244,0.5410791151047604,-1.029991905152835,1.4469106483393,-1.3512353659511833,-0.4591200435009362,-1.4481469632660868,-2.0301454424184726,-0.16207260769228207,1.8307147666344663,0.8816232973605015,-0.09531989142262842,-0.028568195761899406,-0.9473982425949072,0.14620426778555165,1.325305621616474,1.2041097285156135,-0.9176232545493201,0.5415781214026397,1.004336257425888,0.5019428509163832,-1.2160914551856459,-0.3038910948805313,0.206646634878509,-1.020080038998533,-0.46722248270906475,0.7912862427695765
2.1165654362216615,2.989643115438777,-0.037275266890034395,-1.5315123388127128,0.24036834092571818,0.7520582146618073,-0.6961018138933777,0.49748929251714574,-1.0728325886886443,1.4344358481328139,0.34022970307684997,-0.23498344854231645,-0.46778327741763137,0.19722493231442406,1.2227135089638999,-0.599307203870261,-0.4372589247447179,-0.7367562347926111,-0.43378296635651553,-1.4648072911893424,-0.8121948446437828,-0.07665656546981534,-0.10856658477087563,-1.8867476815775384,0.5471315726407664,0.023490477183749747,-0.915109161129155,0.10689441624000441,0.0782120450344911,-0.2778308771648654,1.0180024423394431,1.7246821978050475,-1.1061528097264448,0.47365791528820034,0.12091382600198931,0.9256570186441784,0.5110719269660972,-0.3409711492615155,0.2163195141208104,1.1443351272891653,-0.6406673951153925
3.8041722067764017,-0.14519279397919807,0.11938277696613947,2.5596164234024505,-1.5367127067160777,1.129602478113338,0.7074835737995346,-4.128712062866996,-1.9513911719358823,-3.0115409782898444,-2.918756611169852,1.3887080846737125,-1.7164535602537152,0.2672761990758481,0.7982743903700625,-0.7515583063504143,-0.4601833534352602,0.24263089656216824,-1.7088970746257552,-1.2370299559782028,1.3539131526500296,0.04582050935006317,-0.6218058372722796,-0.7911244065178156,-0.38777099275724863,-1.1962532016027365,0.010523638788671751,1.3084131537009385,0.7677303383045969,0.31846424889723396,1.1052758505044553,-0.19117542974103952,0.5696321521029375,-0.2765865166373262,-0.7842871350043429,-0.025740073517878437,0.10951081925989345,-1.1045512461805103,-0.7635757632061267,-0.5393598172535392,0.1306135743696086
0.03064446033939114,-1.3526359950914293,-2.2041549778124727,1.2684905398916622,-3.4668248924086202,-2.2082609826870825,-2.1650013268615163,-0.733197242017121,0.40998860314388114,1.9689051887331201,0.14896201976369955,-1.125643089736802,-0.39856492292274825,1.4223104842576955,1.2165104940827653,2.824515537232254,1.800172895884243,0.6494939737929512,-0.9323104361165054,0.7708758843864665,1.809977592073887,-1.5503958723791091,-0.2950239604266982,0.5599676864541638,1.896011803183495,-0.85343844162545,-0.1167303491070858,-0.49553560603367136,0.23836466539877577,-0.5967607224355606,1.6597507846270683,-0.52124542005243,0.09319313526647231,-0.45639906633969474,0.18774142076812125,-0.12030619170025186,0.18479428634547104,0.6845946581120154,0.49685439560722544,-1.2231126752909447,0.1747334453785006
-5.957529259357956,-6.7681390269257005,0.3174745332001446,-2.548726324160689,-0.2311627508603633,0.31606265500126746,1.1719659544555225,2.6448205150728064,-1.4040208544287496,0.31019535894651706,-0.14464215904897024,-0.4458919521234971,-1.1106025321644621,0.8894971337199482,-1.6193847942734403,0.7214093100809562,1.4054808978940876,-0.37562823235803516,0.11374209000848337,-0.024255507626242203,1.7831806652774076,2.5096108267555532,0.07700861626321548,0.09296229548704303,-2.2753902959341734,-0.04599727367930193,-0.5739425246075089,-1.1110214282557365,-0.7362992198370354,1.2629035288166046,-0.6249408340946637,-0.44751286007512237,-0.18145359539689385,0.7268588697234518,0.6306148534444431,-0.006251056395286565,0.18252006908350768,0.13629413606505394,-0.1471663677250252,0.2705642083007313,-0.46564687173857117
-0.26006970626827264,1.1857056708748683,1.063054602598155,2.187827035135644,-0.26560881297668754,0.9734764279488856,-0.19418497601473791,0.060045011362946925,-1.8130458557084905,0.3574561107482078,0.4282884448020158,-2.6665391413724597,0.05542237132344715,-0.022233169008078136,-2.1153476960146973,0.35705387338166644,0.9179671146383103,2.3093381095692593,0.8549812657156223,-0.3485697089534341,0.13870449523366793,1.8685393952541263,-0.8448547781957824,-0.5137815829544802,1.4551605403353447,0.7237626423381558,-2.0120701586271137,-0.23081984689951868,-0.5740157613619025,0.15248071691474324,-0.8232823177613426,-0.8365132793084434,0.002483512341340214,-0.130407159024881,-1.35738701953483,-0.6120435804207728,-0.3827164163984838,-0.960658659703804,0.006392383720186573,0.36653121546866446,-0.8056989988406199
2.20270274538597,0.5867685140999557,2.095457610609363,-0.7532728990214389,-3.665686800674479,1.9495408377366372,1.1300221497732073,2.4720591637672706,-0.47506678617050424,-0.28689252225793005,1.6483424954669015,1.4261925840675753,-0.24680506549984074,0.3363883920994822,-1.8079663770598224,-0.40809406417398764,1.5973385666843092,0.41399276112177075,-1.1869012549919555,3.086577339631623,0.9758349420384884,0.3212499256595996,-0.429859713420735,0.11310360518765283,0.9176586309413923,0.03623606170789502,-0.27952087751978755,-1.975351909023511,0.7982906981481017,-0.807579699414186,0.24291015063152974,1.2125045216833314,0.9154124522024465,-0.7681795447899035,0.052767922499426224,1.5439700430992558,-0.2762071307756049,-0.25378309580062713,-0.33186639238464577,-0.23128494433690772,-0.07768512562442384
0.3261851041599405,-2.3265910416414246,3.2969150310854545,-0.010022601767707548,-0.11267137211982843,1.7525373972279317,0.0014141408337563159,-2.458660210329791,-0.021665363152746257,1.2975646853007385,0.9157185382213111,-0.19787244170327314,-2.194614224804819,0.00918242994017748,-0.23165057155053945,-0.7384827760148488,1.2846445477510815,0.5053995682423343,-1.241554995330004,0.9325356184749709,-0.6586977371655173,2.310454944724328,-0.39121290404800235,-0.4518801313314671,0.3596908788959992,1.0715404382453928,1.377835911792628,-0.6654346268068279,0.1666680567848219,0.11076634446276906,0.3187750388568233,-0.4470996710020898,-0.7637835013543213,-0.2986947994248174,-0.33917950910045935,-0.26883152472208843,-1.173938882849884,0.4454838218450411,-1.3344316086463652,-1.4710829942949601,0.23267152136575686
3.0282455831391215,-1.8754454426245044,-2.82901117448641,0.3659413197798807,1.7043264523165753,0.5053614464753169,1.777392861657533,2.029614832584761,3.424908329774962,-1.9562488964939164,0.38226200691017087,-0.15460854739621557,0.11986417389932165,-0.7101269365988746,0.5925450547459163,1.655403111442843,0.2532851660208568,0.4249320635542897,-0.144893735404013,-0.2601026416425367,2.714982299194808,-0.00732875517951702,-1.1850661972906162,-0.5573891485755716,0.7883705385390821,0.38082389450031057,0.3973894535391523,0.4138443126381591,0.13425986096200743,-0.4680654603840214,-0.5250613131907949,-0.727223977927757,-0.0065645416770379085,-0.5510217836312176,-1.0248370588756086,0.595857829964629,-0.47714326863801926,-0.35970573588198046,0.2720947435358987,0.4256979958024378,-0.3376152468071552
-3.0367695134878643,2.8158451960903954,0.4465792911871407,-3.6964766636364375,2.099020081580975,1.2619075278203593,0.3054360698322261,-1.775529417350055,-0.9199257542025555,-0.4141824823051066,0.0970983453054226,2.7953071377795347,1.3396922080623028,2.051960857590482,0.042394770449613074,-0.21168924639268305,1.3369358534169673,-0.11602982616802827,-0.6402842510082801,-0.2235826883927749,-0.7554239669007926,-1.1346437091640116,2.3093792324653624,-1.22981326958533,-0.34608402939718236,-1.4699076472524266,-2.1553038125575843,-1.22836465019143,-1.7686705087515413,-0.5854537643093934,-0.9105932181805526,-0.5789867358077568,0.028117797126162473,0.5776547652863758,-0.790020358472745,-0.013146798802513302,-0.4711096407149318,-0.3450697731158937,0.5153191435299765,0.6919760889782978,0.5985509455167907
-5.056286327458256,0.20366193444520173,-1.9612061506064928,2.297699196463434,0.4108319964308943,1.0857225426200325,-0.08616243202417623,0.7504410159476331,-2.948166551367861,-0.46971106192018713,0.7049245385966167,2.0946658188632608,-0.479478982983547,-0.6894234864724729,1.3138684700442662,-1.8884446154547918,0.3314658248683219,-0.9065943231108732,-2.146504536128421,-0.6689704961901685,0.8041553976766067,0.4288539658377802,1.048081380174989,-1.6569774356405023,1.2260944532440106,-0.3990963418591737,-0.3823021545000043,-1.1624371426022062,1.1736020353616763,0.3708660012685266,1.5283541662311944,-1.1718418420850207,-1.030189053607344,0.4033714413701516,0.38045094759437775,1.2741135972441566,-0.29069604280023914,0.29620612764325593,-0.7349968664678971,-0.10266599215629547,0.22295157798805987
-5.386187148520943,-3.6405787597175188,-4.051281495076936,-3.8984623446424505,0.07889220985293696,0.291456183761056,1.0922402315113213,0.37954752175835016,-0.6699937328365216,0.7837946021529488,0.7919500218090416,-0.8702032143726072,-0.6643950398946195,0.7646379090335673,-0.9180229133782501,-0.1732958106849198,-2.1664657659649085,0.0012361774723694623,-0.13859934624656695,-0.04609534112033265,1.1339350710659506,-0.8208943090759715,1.8846317400679982,1.421653602351949,-0.7205290753889682,0.9513071919505655,-0.7550590826373443,-0.41430791927417726,0.5284601542747193,0.34965902371922336,-0.6709178844997371,0.19606971163962372,-0.9569829465036663,0.2801107027655799,0.6090761272927473,0.21837583696907817,-0.7196734234544064,0.3542897493775091,-0.020840834453446876,0.2776808711766677,0.2584418188077337
7.052641890063942,-2.3046193647564115,4.026556616631049,1.918132260140996,2.013682275471128,2.8715409453770646,-0.505912301080967,0.1848701821113986,-0.8652771418102482,-0.526185325571577,0.4755738939537211,0.03204851191612929,3.0087533036895797,-0.8608301412747315,-2.546035072731727,-1.715806497239846,0.49505799151044183,2.1342241527934913,-0.20953052519706822,-0.08619784524540197,3.4120924017375716,-0.28034724369300396,1.7781550622075943,0.5986233927273976,-0.7622948800395815,0.6948935811285495,0.49243008849256875,1.4649287962753283,0.8008584334632847,0.13047250200481184,-0.4551699537266239,0.9352046640726255,-0.44836606733381734,0.6227988913869634,0.3507267973143445,0.2953338075568887,0.15959227520616914,0.44613066782364896,0.8537520763779629,-0.7888589113676874,0.5836135685824729
-4.5833661801781025,-1.980993121344538,-2.1162328284009515,0.8279054711060717,-1.0117386555918584,1.6947115113764257,0.6682102334298713,2.5391239788398154,-0.23100928908335022,-1.6903659241485263,-0.3481814942932525,4.046368320915062,1.0977269912466512,1.2833474148551693,0.4508427927437851,3.3476357894994395,-2.499681017837523,-0.27963064541309557,2.886177154512714,-0.9194321394793068,0.9743870563850359,-0.2661993781698555,-0.6159296669019336,-0.4621514506207164,-0.0012815968538583667,0.18076012623901394,1.6405206305560873,-0.29904238162037367,0.015045630846981378,0.028905690219700565,0.9581928084954591,0.19434130122434187,-0.3313116055636845,-0.6292845532301015,-0.6344611350193712,-1.7596491444024533,-0.056673793859452044,-0.3789816625333903,-0.4528033218812768,-0.23448007420660905,-0.46224865894648826
-6.420944129009994,-0.13527565622794122,-1.3527108220238158,2.634508911914473,2.1554731279192247,-2.4988097879917035,-1.9886361821535887,-0.21689578074966795,-3.2753524332820954,1.0677480502589252,-0.24508712932781254,-0.5357758977868147,2.3128484158452647,-0.8057616008333459,0.04522400435381056,-0.5022732089067972,0.27003506745281997,2.462482433283748,1.430855123308815,2.503055590524333,-2.500304734102711,0.3519078779094598,0.6410765769319009,-0.6263707405719162,0.5823456990847466,-0.7878726561051038,0.0657225356532504,-0.4489816945345363,0.6373379012063412,-0.3995852147204819,-1.2490723493921347,-0.990205925839833,0.6958801582239353,-0.43115546209951916,0.16750965964917827,0.3042229147933765,0.22826412622661507,-0.021188297882665828,0.9184765344570668,0.07185277128255144,-0.8554533211733647
-10.400361301984578,0.05475050249203566,1.5852146786473285,-1.2836361729840284,2.040008221623001,-1.0018240655981205,0.4706452496703731,-1.7296740649358293,-2.144600820258346,-0.12285614056769312,-0.41430497557098966,0.3868993593753237,-2.6577850640574296,-2.197422027624372,0.931323314008047,-1.3101943870344404,2.25705303902121,0.8542570284316073,2.0504005975139523,-0.4241102434527793,1.034160507337154,0.32389485185560035,0.5748710659293764,0.395376371655894,1.65907789325745,0.2460166133402737,0.5001717821307181,-0.030617374088650548,-1.6926402792051234,0.40049666065962825,-0.13011990182375852,-0.6844366744039228,0.15213707030958792,-2.754678154517033,0.7457107811051887,0.5421289719223882,0.12834396467269824,-0.861755240458371,-0.22952046832772477,0.5716165467176072,0.5909358248526051
3.248039340943249,0.7609779374967196,-0.44929993774853244,-0.9428277814073664,0.738627714830886,-0.5970552784779838,-0.21265913097252537,-2.334487302153738,1.1083798655908348,0.8428243860014589,0.29843527503906253,-2.0717212670613634,-1.3286222441699516,-0.16564729354387406,0.2031284708306786,-1.9115632906690887,-1.4770884294142306,-0.5352916732266387,0.086708860857822,-1.6821165794662976,0.18374484602455654,0.465492108762158,0.8642196604675305,-0.032418869316450064,-0.7583842623733117,-0.6476044769166187,-1.9630977427999756,0.7426428302130242,-0.34706089410863344,0.053162379330111954,0.4861856932234411,-0.3756373381716976,-0.29361592292386984,-2.5205927049568935,-0.7568695422164048,-0.5448827442327965,0.04247921537945576,-0.43597118530231144,0.44541921909906274,-0.6291656425665413,0.2643006491632485
-1.4684089430082354,-0.538094287269265,1.7410897577352162,0.09703903351606671,-0.04018251969344422,3.435602449315125,-2.3623057867348822,-1.7761833759167214,1.9777326634266756,1.9400015163992907,0.0992153408498603,2.392053892911661,-0.5366766020343579,-0.26543602143038,-1.036766845611634,-0.9539715962629896,1.5317009559871717,0.7739241741733827,2.374207720015665,0.8054247920757727,0.01494071202940832,0.09794830789253209,-1.0152505690964064,1.3793403640515745,-1.4780443452700904,-0.7734674689398517,0.13174836883219238,0.283237852892641,-0.205141931504315,0.7702675815361504,1.4473267779635695,0.37556674243464716,1.537205441408714,-0.9338560006731662,1.1514511678826458,1.040888589522029,0.44292951498066135,-0.5687723614246859,0.2977475584858675,-0.24646298106956122,0.5255286452914008
6.09563472476173,-2.9410943351979273,-1.4881310371666485,-1.5985257747163564,2.7481950493188094,-1.1395275020696092,3.5346823717215696,-3.7771755967667198,-0.9892851144109901,-0.7757944052602105,0.17417157239673234,0.005101707966437795,-1.7254612032857357,-0.244530659546699,-0.5356806272079356,0.59193289684864,-1.1930432474733808,0.23290678604059442,1.0832652089855124,0.6781151644454816,0.7277070811722087,-0.4485456743004424,0.724412170286766,-0.12015920790844957,1.59005323587362,0.8064494554109852,0.42404020246730095,-1.3590711779520526,1.5539861975920308,0.25948555621068337,-0.6793631016813245,-0.0493849588327627,1.606520360112633,0.17435749325605032,1.6551421727280087,0.423868138887562,0.06658783104569008,0.6442033773933766,1.8024767217255597,-0.28667389301392393,-0.145905115903432
-2.956489985273347,0.14880067492516402,3.0889276410650153,-0.15082267348132367,1.7911211549882358,-4.090118928686932,-0.012759564371971528,1.160879159730102,0.6329579259396093,-1.2238358564872476,-0.4085324227756139,-1.2669769521983472,-2.573005944028957,-2.6279457741141914,3.26925898652931,-1.7378803085474697,-0.945975803895641,-0.5664926626519291,-0.4326617241682559,1.3901675500802364,-1.2362489877026985,-1.0975048533229927,-2.643806370546452,2.290684970243582,-0.6583204574339466,-0.6441452060343352,-0.4483107361881537,0.10422998962987301,-0.008701226654865578,0.6616213609198595,-0.0990153749057484,-0.10518426892530332,1.0413541859010211,1.4532316777310847,0.5019756072528945,-0.6401451197416481,0.5103436751932285,0.3332375842486551,-0.1495380412064237,0.23537485699621344,0.5473992897813746
-3.025089036107047,2.935538853731865,2.2870279236264146,-1.0673738489276432,-0.9710258333351559,2.2086605495798337,1.0826429760218212,0.3995731854229523,1.3004884469931686,-1.0842095265728524,-0.03724121637022666,-1.1080779550332187,-0.09892317393656505,-3.361246938641649,-1.1337646812051696,0.9165417453047435,2.0323599142500592,-1.5890527166677275,-0.6439503342630708,-2.4360033874282974,0.1198243936916033,-1.3328422327264626,2.3074879054043773,-0.5509470825943921,-0.11338428538863879,2.3754574033258318,0.9385205847287789,0.26086212044808355,0.5163993969095736,-0.08697014514385491,-0.03131792011753432,-0.8501867933931214,0.31848455632846345,-0.5183590100360869,1.259845807788805,-0.39056143232774637,1.6801951819160728,0.9570375551186412,-0.028656186259446572,-0.3112904303513491,-0.24838296884008593
-5.245344039326117,2.042003565818934,-0.0075971452268253515,-0.19456684195680227,1.842245180568717,1.882542705196552,-0.09761360232268772,0.12767413532450425,-1.705571616723741,-0.17413699054188522,-1.8781412718316395,-0.43785410473040404,0.027339762129992427,2.387302933206898,-1.0715470215808949,0.35969232424596004,1.2041578932952064,-0.9702077827377684,-0.5062534702938013,1.8276595017739912,-2.09583654914453,-1.8838530753107836,-0.947338646029688,-0.2711713191809799,-0.6421215337881694,0.7011563045364608,0.5172680126697307,0.5763580250310468,0.755465376661289,-0.24865033002680023,1.265182864594933,-0.3049700390524223,-0.440659294591103,-0.2571072927539167,0.34310830971897965,-0.6144024846843624,-0.9918370502493411,-0.4991181047651901,-1.1576452289114094,0.4762117935224917,-0.5605276896754825
-4.012222365552835,-5.882375773189147,1.4032909594458114,-1.4068016548393105,0.37131915311233765,-1.7006409182353057,-2.488319513224993,1.032133019455581,1.1447362104083432,-2.2049402964170906,-0.23344823027061676,1.07621549799241,1.5053387439793544,-1.6845341239148677,1.6603615455684526,0.21400560350107398,0.36310161606318214,-0.30680555101568086,1.7356890837859988,-0.5162376272588077,0.994355118357867,-1.1301181580392414,0.42748984351852004,-0.046281028025965225,0.15014120760316607,-1.9502481670819483,-0.6447187080874055,-0.5161017327758062,1.003967710092237,-0.7609369596051105,0.785258035606028,-1.0021246809602746,0.45200575358969963,-0.3058882080422631,-1.6222718983473727,0.575228266011923,0.9058984944471042,1.438881673988761,-0.2245335986877905,0.17198716647333576,-0.3335267777669167
-1.4805740409787054,-2.2156809725018887,0.3118018697570573,-3.3133647994875646,0.38640392108171373,-1.3921485232419495,0.14172347468984098,1.4117349045608936,0.08601842826601898,-1.5327845033274028,-2.0920835888618874,-1.6930865212011363,-0.25526873366584946,-1.6986497826709774,0.8977275623990123,1.0474290254005674,1.4128685870820177,-1.610295481234386,-0.818135706960705,0.19168714334443995,-0.13762733526239365,0.4487924050787499,2.495254339419142,-1.0367958780338309,1.0155067670908215,-0.7523919953626222,0.6193246840913966,-0.7631705260815027,1.3619505123134177,-0.3233908463635826,-0.6440571669839092,1.987436825035414,0.26996983410870323,0.8043956659516379,0.18119070085354827,-0.5729876676122168,0.7908396497921115,-1.3759603395773687,-0.24844754783687814,-0.3145536799808712,-0.2808688277886902
3.193182091524845,-3.277381810534828,-2.324956098398982,0.6338885372407638,-0.26058815121447615,1.8721197893132957,-2.619382469370836,-2.061156287189768,-3.030976151403593,0.05965657275955251,-1.9949517958451222,-1.3076977653810546,0.9248555779075781,0.21990222228424539,0.2610999713508907,0.614407237149282,-1.2268259377660866,0.8884398943150777,-1.4284583720703925,-0.6781182064536668,-0.8284058543218178,-0.8138356177836062,-0.25599465016606765,1.0776237184807762,1.0974376089532722,0.31803177203936184,0.25004367010122824,0.4832522777087959,-0.25456886381801497,0.8760798783083803,-0.3614608553964481,0.9041379178793318,-0.3668429821849868,-0.1467462735409142,-0.922147890957217,0.9572790679940324,-0.6826460434709115,0.142891397380321,-0.6532705985414407,-0.29048952441284304,0.5787511094465713
2.9906992113437445,-1.2879127441885532,3.255299903125494,-3.354905132450759,-1.7446279190998009,-0.5389539575835637,-0.8421477029795881,0.24506220320835498,0.659819065441077,3.9117273813294937,-1.2651602752849334,0.049643369962562814,2.6575897606413297,0.6025278031087771,4.7971160432584945,0.5409725505229271,-0.7290857389990398,0.056620481424701476,0.08499937747757709,-2.137115072129753,-1.1169415219344812,-0.8528094906249409,-0.3348527846452926,-1.7836843107287608,0.06307468572599721,1.4427188757141756,0.39616478746207184,0.5816998931914629,0.3347376255573234,-0.3862076358963459,0.25068605591038307,0.6349942954387574,-0.6529752479582288,-0.700930716415293,0.03282262799383384,0.7560861107115503,-0.9437914254447239,-0.3451726210976891,0.7019350412836477,0.19759200640256436,0.606787584564505
-2.2782130648313235,-1.6523524833882148,-1.3237671696151112,0.4222219400325582,3.255461153201684,1.6929470387490446,-0.8910669230533259,0.7195204286122578,2.634405078523073,-0.13570308658085728,-0.7819740681643421,-0.36294239481048846,0.2431127718217753,-0.7209297008694732,-0.7118717604791414,1.0491609876274788,0.4456880139885596,0.6445230777498987,0.39494931741660877,1.2348240294839552,0.4613836455466329,0.49706807597025715,1.0972001845219972,-0.9843543513569527,0.05029161270310891,0.2345046715923202,1.2960440924128254,0.5393801046915215,0.5610433015001657,-0.9353902089157365,0.9604261356951138,-0.13170342714307767,0.40738049155739237,0.8473142508006442,0.5667710563483143,0.3038274627257707,-0.29084652013203105,-0.23195678623382454,0.12583465930670665,1.2671644285297312,0.1884466442802613
-0.49360152072448776,2.461014670935352,0.30386166398845343,1.122405590140337,-1.8137512198824532,0.9847869461842549,3.1611476438731136,0.18427228689699873,-2.297084447410604,-1.2328306854395688,-2.2987937455486356,1.6040339901605685,1.464540029340993,-1.5450560714879602,-0.16123629880607315,1.2100628589140439,-0.9401441977126384,1.590699018020657,-0.539147029036397,1.0043070498179414,-1.1801109592023307,-0.4643959838869567,1.7574499599704154,1.3687586652868085,-1.5091795413274158,-0.8523769562565198,0.03131815216806467,1.2327979168038128,0.5253353115669275,-0.5319621099586468,1.4336950099936696,0.2613742360809511,-0.44389174135284687,0.11943618443315099,0.4749206230608935,0.598114647917172,-0.5877154748743337,0.1706510685751176,0.20173947781369928,0.18743014203720565,-0.7176860703736961
-6.314178138510036,2.728662477752569,-2.553418867897699,3.193554052580727,-0.2704990242337652,0.9432373535934399,-2.4942214612770446,0.4793280844280144,1.1563672372296003,-1.2922717447461634,0.9992713512600476,-1.0132096248683993,0.6150285771584824,-0.3317356178185988,-0.8795499496572952,-1.552574618591149,1.765013409179352,-2.9033692425025306,0.886354910136698,-0.33698856558987234,-2.042152910854243,0.42951717190848104,0.6927858916624995,0.16306602678817278,-2.276422912030231,-0.9976188217981665,-0.8523248980478146,0.1982857616873135,0.2675274275218536,0.3535295388718719,-1.2862656407713118,0.17037556604633358,-0.666554737797769,-0.2143149028980936,0.13727374639834847,0.722476679001962,-1.0969703668457689,0.625180315381362,0.905794254382327,-1.0668039561331828,-0.12423433759526663
-14.636368094940508,0.8020925760661495,-0.0247665956710316,2.864891182427267,-3.212447725511425,-0.3411264615322119,-5.131255888820138,0.28013197263608086,1.8792114626294845,-0.9888256335637439,0.7585721582441891,2.9682646330166382,-1.1243254843927382,-0.18511802209569592,2.0709550716152703,0.16994900116884928,0.1900200688018162,0.7799537299659489,-1.961947767417859,-1.1562100028487319,1.5295526081787048,-0.46185519417630927,-0.4117937909159392,-0.22089944929000405,-0.7987791980792378,1.176520526615023,-1.8895642195754654,-1.522930564011232,0.9609470199636421,2.1034244886067204,-1.5064675303068253,0.8037705147231187,2.0077053127494295,-0.00518525349685772,0.2234834449618573,-0.13518909154738248,-0.601088243859255,-0.5657928459387477,-0.7091974547299482,1.0965619549405676,-0.6966967614499174
2.386697267444055,2.002877316817965,-1.0171072300402562,0.4922035694075232,0.20021396602383912,0.7489710693170226,-0.6868371811183988,-0.6811901766795169,-0.2673771483188777,-0.9928095182607011,-1.710427231773792,-2.3683968872956065,-1.329545866005302,0.10289437134559658,-1.089817675605093,-0.6421864181769794,-1.3290033122703713,-0.16674340480222197,-2.3904468069133085,-1.0845938363671919,3.3686144421130075,-1.4662304369336387,-0.5863872056643946,0.612464659482974,0.4012482267261021,0.15061048580364622,0.21490978881675965,-0.8142953570651391,-0.6306977838345172,-0.05346421142098435,2.1668232710394864,-1.292598965677305,0.5391047123805015,-0.34707166678786555,-0.004250667475020927,-0.26128829196184233,-0.4264948848085823,-1.0440211225507765,1.9951034473304439,0.4511384983636476,-1.1665965041000002
-5.1783129757423865,-0.9841327433836531,-0.6888257984865196,1.3235222702926002,1.3844584668050033,0.06410443474777712,0.836682734382806,-0.8376364399219832,0.8462690027587462,-2.1463678841295755,0.7815944280476794,-3.357115586742227,1.5169025689579299,2.3703152560797873,0.04908861298075446,-0.22126600913914934,-1.9865883864882676,1.750222200576168,-0.7183960774123354,-2.2547998328630596,-0.03350568995546658,0.4984412863082281,0.14998626573851173,-0.47667959094138207,0.27033089761414963,-0.7706674523214612,-1.9530024958213226,1.3345573804964004,-1.2827378299739616,-2.406815464724919,-0.32357151299512715,1.0540084389402224,2.5763438118689463,0.19530198193217588,1.6568156394688023,0.4621070185094252,0.5241190103806365,0.6267877375598406,-1.1505796050178128,-0.6837189989749537,-0.22194113648320984
-1.1593030771905466,0.07688633412243823,1.4505851135397043,2.1951285246396974,0.13060115743946013,1.6083791639603382,-1.403698402917562,-0.17154318097773735,-0.2710005936032849,1.4596075868272493,0.8847488855087727,-2.899899661839786,0.2668766721462888,-0.9767060235939297,0.06980652233012616,-1.1177694383585204,-0.6017854963660192,0.4075296695729289,-1.001168755749597,-0.2773905725090057,0.7889794943705161,-0.09960123262656613,0.7631696560410799,-1.2805918151057167,-0.9462331854874514,-0.6674795417359696,0.05570436814339812,-0.7182758744793857,2.0226250201149236,0.48539658518822565,1.2152429650615106,-0.1285063301330616,-0.5760198421789742,0.4927886497008233,-0.291352793516781,-0.45326733118136336,0.18399061616966284,0.42404196467131267,0.8111285192545313,0.22324845788979159,-0.6746744875416016
-1.374997256963276,0.6701965213855207,-1.404651517523997,-1.1665761286071479,-3.7621042852580873,-0.5279989285232499,2.5027345128483667,4.052330152098204,1.1021865907157884,-0.8820753591377244,0.3655049349313516,-0.8378314781065616,1.84775955055768,0.9947235087192068,-0.05844256533041976,-1.0189603583039897,-0.6467555183768209,0.8729301658757987,-0.4637722764297177,0.03298350727977924,-1.7365538278565729,-0.5270354052962537,-0.5542121424937229,-0.4858000849272118,1.7332055250446774,1.7402489701694857,-1.0128962514623037,0.4517221387843991,0.49552121966099427,-0.43517817185612945,0.18842190338315504,-0.9435904835498949,0.8728685973012191,-0.9757891908184099,0.4284765334808054,0.3142827013702471,0.5051635005637872,0.4673819476757318,-0.2249575256574581,0.558396039334745,0.5209461543430131
1.8424025905310812,-0.015855093817266283,1.87860606849874,1.445922349382253,-2.158123810519214,-1.0710870262546859,-0.036996572415039064,0.7474909935229986,-0.07868665044925201,2.8290835634644926,-1.9334264104044063,2.882202333827432,-0.8401947208170968,-1.3783750693440504,-0.29348015503670183,-0.5610238258155773,-3.162640941531071,-1.1295726932865842,0.4835459861088338,1.2957960546138392,0.16480838538002107,0.21863253405520894,1.8061012182762473,0.2572802004888365,0.20892513857661138,-0.13300631960524786,0.31407228865366493,1.3357591334196512,-0.9044412885264077,-0.8221897239494749,-0.7055359948154171,-1.959632783351373,0.2925967031974499,0.09693699966070254,-0.011041812627356465,0.592304311890129,-0.288482495421577,-0.47769505694017256,-0.3459205460522327,-0.8414504316548169,-0.009104552861947909
-3.0013748908457476,1.3384151987089827,0.34769273872275774,-2.927246282896904,0.6659976692204392,0.9533472583909505,-0.3700005376840085,0.7967399979631253,-0.08390018240436162,0.3018739284099999,-1.941970157812298,-0.005218710365183137,-2.254136314252125,0.3865570374127723,1.7899381191439023,1.4869805466456398,1.3154936841367861,-1.135409836265421,1.9543206356801737,1.557820822989298,-0.38172617831233735,0.865974254340972,-0.315622315777746,-0.5875564791707797,0.1256101626269638,0.6277769424911762,-1.7923462462718676,0.6063220926269466,-0.20730060688772867,-0.3493660684265844,0.9018443434263381,-0.5072480731536455,0.7593919589831819,-0.01953650907627576,1.565447417554916,-0.06086278366746339,-0.7329624596358517,0.44248321349104036,0.41407800340671935,-1.4480782230471687,-0.28431619796759366
-3.1222838923546554,-1.6681417798199025,2.7306753483775417,-0.7660188694603384,-0.7256907169042969,1.8880231125445912,-2.9092679086141136,-1.2501512486548645,-4.023020970787637,-1.743466667964315,-0.3370948778120231,0.18620786253583155,-0.764678706104212,1.7984424985872598,1.8198840160622873,-0.22172539181725945,-0.7916584987289703,-2.8077478518762127,2.1825584758687806,1.3687431161004038,0.15961484415744764,-1.7969937920179855,-0.5800084699307603,1.153863799283067,-1.004564612343376,0.8704040239682302,-0.23404893835146323,1.590577098676462,0.8554506920030187,-0.6451965777113162,0.06138895424869387,0.22813535706210114,0.39766663855878015,0.02138379823342596,-0.9367518680906192,-0.14788875940102372,0.26097090209108775,0.9136355882992618,0.16441084080933005,0.48265408994369313,-0.250596738101768
-1.4137633980341549,0.3716996044232055,-0.8874016853789863,4.488572965265799,2.1122386855144533,-0.47051042383315544,-0.19587810070062006,2.2095603425886656,0.45113184156274233,1.4871464057380446,1.1907753136604708,-1.7586877574621902,-2.6286087279160073,1.459750757785966,1.70112641478138,1.4938981716517874,-2.408087489995792,0.09196606996308179,-0.46694683387978064,1.1114892741036655,-1.8049777281737422,-1.0091080993589303,2.908999355597354,0.5316207979378409,-0.10272049294257012,0.2186080288424505,0.7805943720116865,-1.555088197477378,-0.32721345719289013,0.27971327989759154,-0.2825526362505969,-0.20822039552736138,-1.09858426452488,-0.8431970028617797,0.7994320877751103,1.5213221265416597,0.8687432932921098,-0.8576814557760937,-1.2968676167711959,-0.9459866050003463,-0.2045627210943254
-2.241269406998563,-1.164197123738602,-1.706299778499715,1.5067091109603805,-0.19157487839634743,0.04287408725599551,0.06569759491013337,-1.0641020416314173,-0.4943544220805431,0.5727537179961617,1.5454345843165616,0.48035429570731597,-0.12038691227000113,0.17832555705304678,-1.365908277964615,-1.6325833965759748,2.159572739865437,-0.32717656744811835,0.13553303332320052,-0.30787865987086344,-0.8521155764481977,-0.5370422422641457,0.21076901676353937,1.2917144248737278,2.5306911870919286,0.1988454048106464,0.8063193524722004,0.03171981109165525,0.37151449809936626,-0.9578392653510105,0.05970527729647269,-0.06695364685696592,-0.03201739714941239,0.18955578774090098,0.43172923129229696,0.25533711637342665,-1.1640068383515547,0.35182951828811637,0.13253861962872676,1.038999228335205,0.26847742247943723
0.7357532198655214,-1.8774587111033243,-0.15898754816181007,-1.095034457093983,1.5337697019757162,-0.9382426356349017,-1.183379877490649,3.0801247221510493,0.5814230225266673,-2.5287885585679115,-1.0218113790147991,1.8603979651714906,1.3124663920661972,-1.2439178990666302,-0.7523352273383085,-3.115829703355825,1.2417176612258625,1.2183822829520101,0.2999425516683106,-2.7862410644550444,-1.0634758424324888,-0.1361035756476416,-0.7849198431857387,2.13430577833621,0.812658797963647,0.7065089425079119,-0.25102393678361423,-0.7604724930633833,-0.6382411386995995,1.0506389296063086,0.31470327923509056,-0.005329149411313589,-1.6753807364503204,2.131897259464502,0.24644464800799715,0.2926203152845989,-0.1189421836854424,-1.1210961451753523,-0.07464273231864611,-0.8403302955206869,-0.2826333681162645
-3.1251833155599593,4.396996733875616,0.31250266058113046,-3.2111742616771433,1.5097167021314035,-1.5820581305972927,-1.309807446979987,1.7238344164332218,-0.29861936417792695,0.1369924555039396,0.19232123874337922,-2.7446653629644127,2.12041484907866,-2.4766588772047973,-1.233534322907078,1.334469207442758,-0.00546448713775007,0.15749484499224514,0.3735505688702057,-0.32636466211571274,1.8478667492193017,-0.7632878103200351,-1.821024014115142,-0.9078915433570822,-0.5227925846541429,-2.0192188825849513,-0.15940260152032898,-0.6991851157705589,1.6445991754891482,-0.8232945747505153,0.3700977357047823,-0.39714687479443195,-0.4385132124705227,-0.045771683373794655,0.7940938077202495,0.487076717359029,-1.0746416202933873,-0.05673331278287471,-1.5113587425066872,0.08906694060098345,1.5853609184457707
8.723115168749658,-0.21262217584050253,2.58009159664856,1.3917264255859794,0.8391083959183374,-1.4021303772680123,-0.1949346041224087,1.7096359907101897,-0.6728111494080097,1.9916943769214979,0.5950941892335813,-2.5250968626704964,-0.11118393160163864,1.2462475704730367,1.2159842696979126,0.4914549564428105,-0.1429336055248431,1.5182199023627307,0.9050986466762959,0.1697453954916915,1.2643346023644944,-1.2245316923976985,1.0637571385427915,-0.6951630268636385,-2.03863828000231,0.49740497739572015,0.17646154583963006,-0.5044251767471527,-2.531648167023873,0.8101891055994633,0.374636683450317,-0.15546020691903595,0.07387900364076036,0.8601892758077994,0.3276578938866491,0.15539458675657764,-1.4719324445265842,0.6459269343158944,0.5450256515200239,1.934148777922957,0.7952167359213302
2.303872661633587,2.0887575697039082,-0.17515052484812613,-0.17531939693053278,-1.20598251691555,-1.0859012714921095,-0.5328627232784644,-1.4213622114646793,-0.15718704371411182,-0.6771461131687913,1.0058939599297994,-0.4570350814393473,0.48788969783023645,0.05237070112075463,1.5977817832995282,0.9114581921486208,0.13194615856017056,0.572268658474158,-0.6609321125427555,-0.7900045084392422,-0.373216306952644,0.9932023521097662,-0.5695566687234144,0.2069532739144049,-0.5556790449448753,-0.27500317600598584,0.46983254175312533,-1.3411830600320378,-0.8008991980230422,-0.997788308648236,-0.6443261006467389,1.2865645031150839,-0.26082451913020654,0.02163105724105675,0.6869059615983938,0.06898864003651062,0.21591726755964052,0.09752189301783074,-0.7997986029749482,0.05344169763497167,-0.884787394919356
1.6287909900210376,0.1624222174900568,-1.1202064789259345,-0.8311179525915585,2.3585960031665536,-0.9232525007810105,-0.41214415382118397,0.3605390427452673,2.5656746807617044,1.2814377062734665,1.5600229947376214,0.6302804121266874,2.525786576356867,1.0234036578752355,0.27612452935364606,1.1390897211760154,0.9467744747733351,1.735162622280489,-0.8996182461190749,1.757727123227029,-0.9720164541988637,-0.017345994450968925,-1.0378135927864347,1.7605754593491927,-0.20357057389751482,-0.3587884984691176,-1.1245526156472607,-1.0675267066043377,0.9269636894250614,1.1591863788006738,0.095054405461478,0.0430521185490666,-0.48844532335942964,-1.3106862580894885,-0.17053309914678713,-0.34452190685098266,-0.14319835453303167,-0.5296906034172163,0.5390272323989836,-0.11328966661651,-0.13599216402779965
10.180109544190632,0.352560691320789,1.358791527360002,-5.604780919871777,-2.0212520686696744,0.9721591324679476,-0.9746961927653168,-0.6863434827954422,0.25380220034569806,-2.8807334282317116,-3.7808394450291405,-1.0973130172522376,0.9969416530397931,0.45423344131832327,-1.057803135083925,-1.1363283250395464,-0.07232414167631293,0.07905112700354792,-0.8186529896511872,1.3728937888605146,-0.712894398669339,-0.21441964975053152,0.8018151117413932,-0.3286622223255384,0.9579785769843933,-1.4465320589502986,0.7013456582178897,0.08766792582127474,-0.5578736769271931,1.3665034874893758,-0.5484758422134718,0.5845769073681082,-0.8468447150335382,-1.1140989798711973,0.1446473747810416,0.35950829130579737,0.6994587237794496,0.36853596669491356,-0.9330323066145747,1.1528682951961877,-0.6938179627417046
5.365266486495469,2.079240904643304,1.1721331992531505,-0.09499984037458145,-1.8267853273000159,1.8525276202176437,-0.038655441381957124,3.033793600645075,1.8779715550259137,-0.4349280033663669,-2.2798538012267473,-3.954379670408283,-1.5720663017927685,0.8718381213867398,-1.2006152377513886,0.8841831136216525,1.25714465640201,-0.1932061616192637,0.2673194766319997,-0.12286719026078134,-0.9138450954028792,-0.4687218925917081,-0.7473734168388634,1.8455570776815353,-1.2208337102271987,0.6074095954025098,-1.0492486754116799,-0.23208077076549066,0.028456525450906486,-0.6180322618284976,0.7806542049452644,0.7369201104048586,1.1704539293560308,0.05283810638932425,-1.3613379862707684,0.5677483237481737,0.10992411130819689,-0.055109759225731796,0.7256508771112153,-0.35686822351485087,0.6406076916216946
8.441725395846058,2.681101685433391,0.29982409339447663,-1.671493386293376,-0.00907990111218042,-0.5861358128808412,5.077698627589823,-1.3135705143682457,-1.5581785595821744,-0.4980064536273854,2.8566642897012287,0.2114849824247578,-3.598203853891951,-0.3781929808616531,0.0391326981441301,-0.5222246664245975,-0.5983235901165386,1.1015516351726498,2.3368848436019727,-1.6261206119742728,-0.8764077919910652,0.20650608325459865,0.22774717076772147,-0.23553051119877283,-1.9735494229332462,-1.2740437171005432,1.2552205245021986,-1.0612969310093885,1.837724544939441,0.42267214864946273,0.19704574621013976,0.8401017387452768,1.2313301962544847,-0.06088475462734564,-1.5095619360437529,-0.010288847116666675,-0.07179379025222114,-0.037508243383107404,-0.7794746366886953,0.7235322998556423,0.19839388964050417
6.566845017938928,0.5237450205185751,-0.36802751804959544,-2.162231905488848,-1.9129642410267362,2.5575341217415644,0.5288079501285038,0.9731343962655822,-3.035415230387862,-0.352489234900105,0.3949577558155018,1.9568686315580732,-1.3851031088647061,-1.1372310514574173,0.21855084544056408,1.098925766782114,-0.5337307383853223,1.974513800242171,-0.8656260832764652,0.6067463692194415,-0.17000579870257418,0.9317303094600553,-2.4587851956821587,-1.634552705024412,0.7843363598584482,-0.17814099443006934,-2.2000644221612022,-0.4949354187609173,-0.7387566140316755,0.33129573466273515,-1.2915739796337204,0.9116431916357309,-1.0993078889771883,-0.06321530404175144,0.19123642296218388,0.26779294847029766,0.5164443502169499,-0.0370581814540943,1.1721807418304901,-1.2261021061957698,1.2728510287796908
9.47691285783375,-1.4314690693002823,-2.833986748296478,0.2772283645755469,2.3676494920386197,-0.9351404444232627,-2.617750109372076,-2.98469444711174,2.642209366813432,-0.529536024099825,0.34495605326155016,0.8308635052626957,-2.931710711271484,-1.401275996667539,0.4970720905891021,0.8119441400740486,-0.062404746415452954,-0.5830129806747726,0.06431108741006238,0.1908524605056484,-1.3114404594081384,-0.23303460852739524,0.941006443212368,-0.7404491351448251,-0.4168662289517565,-0.6977321170451144,-1.2508150352298864,1.6734953127550727,-0.3468771780740194,-0.040808355133270934,0.14305684866175958,-0.5875898499958002,-0.8919660979107511,1.2042096539163527,-0.0006911830847085387,0.642767545008513,0.7542953032248961,-0.9068538253671713,0.6961664032683231,0.3551514506582386,-0.014743832103952062
-0.7532192637778947,-1.529611765999635,-2.2286238434609444,1.6919723191256766,0.743839926750594,0.11643711544604579,2.266781600700578,1.3104090954992265,-0.9775533663074712,0.516632573138482,0.7708161562301737,-1.6099716707125022,-0.6010174037961161,-2.903050961196258,-0.7023365647725386,-1.7863774252802622,-1.119507623402311,0.8056033858122189,-0.46316787277044646,0.5364412360725735,1.1422838704260578,-2.0722383262592263,-0.8694921501138918,0.25493151357997096,-0.4323884432534877,0.009920323504796264,-0.25381376962604746,0.3539876352625083,-0.8511067420041433,-0.39955159956688563,-0.9004391993392945,1.5161623085503593,-0.5858902622179857,-1.0397143305007757,-0.5327139335333669,-0.1976969732001163,-0.028625534042145004,0.5271754177769307,-1.168941627065198,0.5639635958403938,0.1850868716352425
3.860852663411178,-0.5263434933130253,-0.18977886359591808,-1.9382739004054466,2.061135673038362,5.569410515111252,-0.09790449347239502,-0.3328537085042842,2.534013694288927,0.4500401860782397,1.839736559282141,-0.7288967352508244,0.32873048433958296,1.5047954939528536,0.7912634444818278,0.33552016327966594,-2.0034262663207723,-0.4729279620649043,1.0129428774210567,1.2377495366535496,-0.0006138853812731276,0.26699013796470084,-0.8904287344707569,-0.953661038053352,-0.3397218026836566,0.3275744502469644,-0.12493374529118399,-1.0158068492399956,-1.011317856375147,0.8003870646028631,0.5993526608513193,-1.2499272151367062,-0.21940082417693454,0.9024786430096495,0.7137604798633224,-0.38832531178475843,0.8890191366035708,-0.38674811281153076,-0.3558107099893706,-0.22380400179560822,0.3302530208258538
-4.331503380194403,0.28428968325507886,1.2972729624999888,1.6495654928949992,2.79652880104413,-0.09024179004810709,-0.08292430291522153,1.4044498146700262,1.4771915836021539,3.2765969057949462,-1.1157338287143075,1.5758365260242555,-0.11360374574546139,1.7537603907389219,-1.1690358960142961,-0.7125616798878058,-0.19957218194210452,-1.6183881192547194,-0.5988278740142864,-1.3305422809435015,1.5926533579819988,0.7660040005191561,-0.06878306806693751,-0.700723101226772,-0.7893041139332033,-1.5379112324797672,-0.4769698914901675,0.4838377102549836,-0.8438287736327883,0.5590220028070344,-0.9206061843301792,0.9799118914749524,0.5538983331128888,-0.5356008650850116,0.6180459401451357,-0.5980613245123283,-0.08934967257605927,0.5503601657827843,-0.3502834511022622,-0.3293122612158518,-0.4057885234438285
0.09445262516980237,-0.8009352726325696,0.6795517279236206,1.315897717015662,-1.9231116542640934,0.9948274025519079,2.4024601024578565,-0.13548429335855214,2.4052439918280286,1.9486265614333103,-0.8611916050506581,0.7057127791958832,-0.7073236215822445,-2.0681088130650744,0.44701082296662237,-2.2722473518305324,-1.0012590004222348,-0.7037075959216194,1.8921635986192606,1.6588768119753818,0.5609090770034632,0.5795032194271204,0.20015763972621656,0.496558216280483,0.27233161900340236,2.858136976176589,-1.2127673445889873,-0.5746176776901087,-0.08388498509118776,-0.3313235680271132,0.9069669284863365,0.9516596386639995,-1.1781510335836687,0.6106563466262482,-0.5313550313019989,-0.4803550027054529,-0.7254077992235493,0.07274137986093775,-0.7427104863353693,0.3497792230408777,-0.781842366198037
-2.76725256417273,2.3239203073069716,-1.5287104718577373,1.7920830807247536,2.749121738189319,-1.5978761858975736,0.5065513306828253,-1.0481926298199031,2.2074891060331225,-2.783601155191577,0.5796468298234609,0.689140342542133,0.213842248868889,-0.5621133418960895,0.4431174683510642,0.2703828008149847,-0.8923893436463997,-0.4264137041950809,-1.5088738728316018,1.5017669125663622,2.1361358872477454,-0.15733278053015487,0.09365528865024574,-2.2540545271568524,0.03349181802108022,1.9686246054915326,0.24114476329126946,0.3564319880980317,-1.0165011115492826,0.4213308244222636,0.14329833976392925,0.20432546890707504,-0.6398598249484981,0.4467365053469086,-0.7366827307855577,0.896069011657797,-0.1173406169902509,0.6441574195870808,0.08438519218096548,-0.40145468179745625,-0.17327233918006815
0.704787668518849,2.909827485205378,-2.867998906313432,-2.4010091903065263,-1.214996936260839,0.8298802606078513,1.8471839082548764,0.15401506515129926,2.5409745636602374,0.35787075000587526,-1.2053725342093686,0.026133449707112757,-2.1669662876083504,-0.8828655056797758,-1.0151423734554343,-1.5050115838103277,0.08874376903734381,-0.37299895492398616,2.121575440118237,-1.214731315884704,0.27397959764189606,-1.4858196570100524,0.7380775990989437,1.3579752123848414,0.9832893662335114,-0.802241422139337,-0.7382590392860491,-0.0032107058602144794,-0.9617212240426108,0.41643497153471787,-1.1556657246382456,-0.46795302656127885,0.37213218566374995,0.24877243981782868,-0.43954699335209335,0.41388581403307806,-1.0602987801503228,1.0776534812305087,-0.19715150059627204,-0.43661242396444006,-0.374285068663151
0.04548390839365799,-1.473476846331769,-5.0519331996884205,0.2559405207724684,-1.9889287993839957,2.8237745028666144,0.6089942919919441,1.8238113808645506,1.492006884511986,0.7186293907660743,0.26234427195718185,-0.2096055826410943,-2.7093924358484918,1.0386225677462795,0.08831027506583125,-0.13736054552686475,1.8189603389200504,0.1645062071787042,-2.4445355865904115,-1.7052032654967983,-1.8993926942699173,0.46481389346731417,-0.9249473547426135,-1.4970724399954123,-0.1931969163855649,0.14715280526249364,2.1845085797701036,1.6626976747503983,1.2712327174026474,-0.49104051211820754,-1.8023793735992442,-1.6632666939577525,0.7250315641170973,0.13491672576907865,-0.9359322602417566,-0.3637870121054533,-0.42601218736585283,0.7470826753893048,0.26536631618409123,0.5889602602723994,0.8444376840785887
9.3347656893909,5.574157661163558,-0.4492004033525335,1.1419794882238534,-0.8363233831541326,-1.720479440398108,-0.15216425247071594,1.8807321321459711,-0.8081448917871596,-0.07859737458063831,2.6485538693511095,1.609077777173562,1.2156536624625134,0.19138719117481615,-1.2107169470025845,0.3872036413092873,-1.1429233502207143,-0.6239120391551944,-0.2236744440432111,-0.3028607691974519,0.7086825536498671,0.9308233425125938,-1.1769146967971544,0.3693894233776683,-1.2693906511229276,-0.5756563061853188,0.5494667458346657,-0.29926009143878035,-0.24598128428143154,-0.5266989786648494,-0.013642820097043774,-1.8043280164854416,0.578352606230912,1.0548737226919205,-0.4332851628937672,0.5312060668597076,1.3590240443521964,-0.9625920133345033,-0.2083203554223379,-0.34354949204728136,0.08885568864131266
5.116418570482441,-1.3606945180071706,3.24529427929939,-2.367449801898124,-1.3536157890760547,-1.6261597364773275,-3.252935883658808,-0.5424861033218592,1.4756920397808964,-1.4370638288779292,0.20845653507298142,0.6877739093423146,-1.1944665950743083,-1.0511325960709643,-0.7371591875816538,-0.14137626215649793,-2.422920121367599,1.950460550705234,-2.3127422950016507,1.646670374376438,-1.109829196937957,-0.4192033406073672,-1.0553020326268088,-0.3371337269759326,0.5127873621029333,0.3900490907056426,0.42007995695074635,0.005445664069371756,-0.9978144827997679,-1.0750203792876232,-1.643790165930255,-0.8110279767766605,-0.35199899717839606,-0.44520360135081666,-0.342832743899963,-0.10351112882840675,-0.5150308355102385,0.9627893469879358,0.6375839105294887,0.07900965159181265,-1.4053942171516611
-7.385149151922553,4.587598429067986,0.6998440053147715,0.6240029839230398,-3.696521300565822,2.97313714680756,0.3915861769154763,0.344249650151041,0.6837678314728353,-0.6569668931245572,-1.156546560029085,-0.48678269837018223,0.8086262699760772,1.9162008551299878,-0.14458000402938934,-0.42792890000244344,-0.8591044583399737,-0.007277943759242567,1.7175220272408338,-0.4942207837987462,1.1232890447524073,-1.3913742678643848,0.6619694322166193,-0.003307228028047871,1.495593534206999,-0.8422873138013729,-0.465758033436831,0.07605835371688183,-0.35846061723065314,1.2888511346284386,-0.30525100502054425,-0.9427905946179013,-0.6329029948467467,0.1869293347971424,0.5257791979993187,-0.5187572281940785,0.12210931319312486,-0.4638204849226003,0.13890272438696072,0.07065885774524978,0.726705324924789
4.9413590829560015,-1.3114503411632132,-0.6589101568183482,1.551825992979807,-2.4414887707331427,-1.2482459307557061,1.096520143911701,-1.0573059335967812,0.19427318850665465,2.0259266164203513,-1.7679060868558363,-0.16912961124936782,0.5801689150448764,-1.5009687940880292,-0.3859488819368641,2.8162841237375553,1.0589928944950138,-2.145567428785284,-0.6571337905502527,0.7983822882917273,0.9663384289441814,-0.42350526759788815,0.5662793336838408,-0.16287710650329223,0.38213630101198526,-1.2357486011465042,-0.40345549338931636,-0.3322031656385154,-0.6400796301096601,2.016366006018603,-0.20213027798734212,-0.1251606075972418,0.705959145338744,0.3096612137224117,-1.2271986778320292,0.5098914464591227,0.6405309623003697,0.7234184006091939,-0.7134299090690399,-0.12796793161924463,0.3090980067890337
-6.489198919914475,2.6144860286923084,2.5583571814647836,0.3301063197374062,0.3273136884155906,-2.217811077487035,0.2560910883385282,0.8006140022841538,-0.5741330975217371,-2.7756894007513973,-0.0471880194582492,-1.6570995043311478,-1.0676968138679284,0.07708265827482232,-0.9150847301145179,1.8903832519380939,-0.2259747028049206,1.6403794123102957,2.5988698423687855,0.6624481342678412,-0.9710181553661427,-0.06561813961411032,-1.0615206277291045,-3.2058973475891928,0.09940993976547687,0.7987531040057134,0.5578038049372664,1.084761143389937,0.28133549634430277,2.434442981419155,-0.17550990917715092,-0.7756210214297989,-0.9588289024933965,0.572502780872115,-0.4361242883027663,0.33713768817510714,0.03515741828292797,1.6191644068665039,-0.17825715541866316,-0.8720616935637568,-0.29293226848874243
-0.8071866869098981,2.9119730837878226,0.8939743097177778,-2.5518617602249445,0.9209968120684657,0.5895978843393983,-1.5349680274519062,-2.5672812806780483,-0.13531712187728467,3.090805184309533,-1.8229489952261775,0.057657537788858355,1.5929013787715955,-1.7344195554120598,-0.09199739835831296,1.8760629043139176,-1.480291834968797,-0.35237698954657876,0.39345742123730715,-2.5886110864799092,-0.0748006151929544,1.347491565166278,-0.8593216954169127,1.5448798977553713,-1.1933807685861597,1.2076334142792413,1.5758752487636856,-1.0709423653711947,1.0067532603370166,-1.421689766683409,-0.7209301302534209,-0.6558959244791898,0.3372423142988324,0.5915405580498674,-0.37520314886942624,0.7631489007742109,-1.131959995561096,0.35557933560463445,-0.2391884730252346,-0.703607067755557,-0.5480372853960659
11.223605380538048,2.656754240396224,1.3098245616818984,1.7512319676182244,2.0009203797042376,-0.43691998212023686,0.12731286236907222,2.0742411536301026,-0.7922609720983951,0.011985486112322072,-0.004145474168658658,1.411186062509072,-0.18475179921999052,1.587758677451561,-1.3564675738632053,2.5060363085704003,-0.6170261336644893,-1.8325180495580824,0.39208069599244505,-0.5960896115991746,-0.16897063800667714,1.2988316358364762,1.5468267798215767,2.417857242132521,1.3425444361515646,-0.13046408660815298,-1.4351566083282938,-0.950358678722582,1.5103123218304297,1.2835829063716442,-0.8207596733461837,0.2691370950703944,-0.16265794699856198,-0.02757581351948698,-0.49603997510779796,-0.08097272102180177,0.20746776379793705,1.2278425660100838,0.44428653088687486,0.4654813859615988,-0.22188227126476465
7.165448341816379,-2.569131630048901,-4.0522101331228555,0.22761833380374558,1.0579002367728865,-0.8815819948532092,0.07885543385329194,2.2629617680384206,-2.4556219642315895,0.927195730017632,1.4701694464994461,0.046792520608758645,-1.5863200142117317,0.8530729589084136,-0.4978546149341456,-0.18710959582669048,2.208078324455554,-1.37909038780399,-0.17892475610104727,0.15144969761180455,-0.36684774718944024,-2.915597422146654,-0.09606960890050995,-0.698427463048169,-1.0311589811516286,0.8980196701821745,-1.217974818789984,0.6553257889247888,0.5338333976034598,-1.5483985579435535,-0.12545165317393278,1.129049926407018,-0.020392952703676782,0.3877553914209604,-0.24384331825510086,-0.45014823497765594,0.16722542589500536,-0.8115433857182969,0.10704500523940877,-1.2820508490929388,-0.4225181217095606
8.28411294889688,0.5012011238350708,3.1480905162572457,1.4598735304555968,-1.3427670944832346,2.09231485316072,0.5236878687580995,0.4929552016471263,-1.5888417409361772,-0.2141425023045276,0.76673443013084,1.2670102125303015,1.6281100070236239,-0.04920660748368135,1.39965071849716,0.3361752485314142,2.0224332867911987,1.1513353590726954,-0.2959264530609318,-1.9348716362563205,-0.666683551070574,-2.298665903432405,1.1432536249314929,1.1328209610144548,0.5020298924313347,0.0068724595903472295,0.9015148134749679,-0.7649551168157878,-1.1520728360464885,-0.8037564894189706,-0.9275646989689603,-0.3370439545908546,0.4074889635600345,0.0689140893148502,0.3800030114065963,-0.9533021739874227,0.5067668844153319,0.7358142983368091,-0.3093751376131916,-0.5633069271353249,-1.309471951631993
-2.8211965782781006,-1.0181185459359263,1.2394183653039026,2.964935077387864,0.538990849852125,1.2700784368289215,0.424796425874998,1.4667839890020287,2.3219894420705773,-2.7799999345504296,-3.0866887840136776,1.031631212814419,-0.019411725903767486,0.6957827625812999,0.3653278725041248,-0.8875905151940692,0.7174113922211666,0.5528521208973756,0.1487410607685718,2.5754384058426716,-0.4630691880401262,0.5937503001011115,0.04526463051976358,0.7484015189958779,-0.37271323179904947,-1.681154397772946,-0.3297294558580574,0.2453296474400832,1.3125508580529626,-1.547348506723269,-0.20161840971201836,-0.31025164997998916,-0.7920376719982843,0.1362195778090098,0.02512869638181583,-1.3571130384721044,0.011946721478006656,-0.11099288386324835,0.28530000623389334,0.38668704042972807,0.9796094564405837
-0.39656409953550037,-1.435051196597671,2.1499889217023793,-0.06397358437620357,-1.9122889423532519,-2.435974830462373,3.2214560085932598,-1.744853070807877,-0.013790838325852903,1.0094203714787924,-1.8531615306839495,0.8927528422675052,0.029527864634280313,0.8770359062145191,-0.11706326036392155,1.0398889194791303,-0.8600997638286537,-1.2587301982341494,-2.817024854548803,-0.8433245051133079,-0.45988103919443857,0.5510075128803184,0.19519094311515414,-0.00954221018093197,-0.48894274762203016,0.6449326441020012,-2.233293819012307,0.7065144154223605,1.599373451632326,0.8767171070109091,-0.36917254866497334,0.1551356686216968,-0.8161558793704371,-0.0030622362696314585,1.0092416548795375,-1.7331264138063271,-0.49124797834792605,0.1365734371661558,0.2756811895301926,-0.03786084474577607,0.842673240932196
-7.101998478834296,2.1220155444472506,-2.642106078781937,1.001884514012079,-1.1274376951817462,-2.164271804999777,2.001340333368562,-2.3864241313954837,-3.3008488085080767,-1.0941416876189722,-0.4188331554191097,-1.0145168811354,1.8046072926209593,0.4129025360806512,-1.5042110849636408,-0.8191058350466692,-0.33706045511265853,-0.7248652062453809,0.9510299751851315,1.2312985852849676,0.23060754189271415,0.9222428582646627,0.41772255042208933,-0.7824963709278759,-0.47881097899305164,0.35147006284055404,-0.8506814799977717,0.2461199381513341,-0.6368059477173458,-0.507202791002678,-0.43261923282630815,-0.17219351255463972,-0.13033054722658785,0.15233070452305217,0.06032903187487533,-1.6917708798952387,0.4170601130709646,-0.04096244199733984,0.26146059040413555,0.4285417191869141,-0.35249247722197624
4.669457253655586,-0.6775478970846982,0.1298443956655346,-1.0031710234442899,1.8607199711846647,-1.0694638978715945,1.8472379568588913,-2.1169373245522265,-2.1741852395806283,-0.39053231979361547,3.05472365789619,-0.559487094673376,1.629408786583785,1.7088677609394276,1.8738992328190809,0.5419005679941962,2.144237205876853,0.1751167349189781,0.6939142598765193,0.23664226709729677,0.8592997949116212,0.9566134218056233,-0.6605204144051501,0.8113373617348761,0.11562123570556604,0.4499881931101334,0.0026641849808083343,0.7659939284073006,0.08044428913695485,0.5966177089913259,0.4090205088356468,-0.14236097846201506,-0.26156199027723626,-0.4811362910663741,-0.6495041275858935,-0.44775058825212943,-0.4301630722095908,0.27603861568869886,-0.06157454447184146,-0.31261795749187204,-0.019509400736967317
-0.8814734548727442,-1.2721828934222943,-0.15580871252351747,4.463453303574273,3.2350904132629172,0.6407309224977912,2.647885647993507,-1.5581619650281997,0.15136177444122786,1.224616514638172,-2.076434662554626,0.7672925220688523,1.644174228502372,0.3325459953032146,0.7454661678637657,-0.9449577323282159,1.5794758390700296,1.1662971775909072,0.27006927403414854,-1.142645785832885,-0.2413680203227741,0.8026794574996303,-2.2673730019014875,-0.2543979604654395,0.11821061432305845,-0.2750159947274689,-1.3990631383413439,-0.219593818240925,-0.4216814943585026,-0.48499751071354147,1.0477334598498926,0.06434938650314465,-0.08688470887936396,0.5767865425425408,-0.6042073620154974,0.6795126439519295,0.03925933726987292,1.722854619423319,-0.35716827457889366,-0.07955998434296965,-0.32524425887731895
3.8370071137655026,0.7943390930677651,1.8107204223246378,1.386245183217491,2.621198523558715,1.2459299225027924,-1.6480394458946974,1.7636731064375646,0.0669154271215153,-2.6469676720549895,2.58292861529194,1.2457561903860588,1.433797309493046,-0.1822736395896805,1.6021802705943735,-0.19071256263559952,-1.6535399909138648,-0.2587202227256532,0.17030298948298797,-0.7279430792483179,-0.8715157557855322,0.552694468807774,1.9719372128072647,0.2849949049147346,1.182241556176721,1.2276445483646083,-0.5699014543808766,1.7531264240621933,-0.717841603704027,-0.11884210824165375,0.3869367279813768,0.7933622545897311,0.4927058683821176,-0.3716708454539771,-0.9867484964872562,-0.19054976307487667,-0.13734006302395738,-0.1259511780016962,-0.31568884341977294,-0.24996369426432669,1.442523417982583
0.5798370989586568,3.4758699096445063,-0.8778015172414675,1.9754313953053722,-1.3833399988709605,-4.143429861833785,0.6222085344477023,-1.4235239198336986,1.8390315168790667,-0.6227135583684347,1.0499339178518705,0.3718925341585823,0.3856649269781899,-2.4836002990601194,0.8928893345042008,0.9270874699424465,2.451938500786735,0.16021093422957605,-0.3727452031260873,-0.06174238416225705,1.1576248392867223,0.42069313221818727,0.12895321332575907,1.1666877708371457,-1.6501478699771042,0.7680816422528931,0.6463196216914779,1.8759918819187427,-0.11370792673789619,0.19602112578222175,-0.35146445930809084,0.8269924123129472,-1.1930941282280083,-0.747143947806563,0.736423753302078,-0.3280562377687431,-0.4636687094577721,-0.32607884454859426,-0.036148217369616216,-0.06246015378916952,-0.16595647937471764
6.327802659269079,-1.3068632653481072,2.202798917734448,2.2283191952437598,-2.7263611550465283,-2.44549847603724,0.8582715904021466,0.27710956620067767,-0.6331872822186437,1.193954882564533,0.08042144136017035,-1.5218781187825172,0.028862873186072648,1.7222997692721962,0.5302931586205699,0.4507390079668873,0.041603246184943626,2.2364100418763977,0.5050028412929979,1.0057484746045735,1.8447064851584893,0.356428910262766,0.45304755663766927,1.0367041052572687,0.038339794769657036,0.014932381898671692,-0.08705492973647956,1.6013641080011463,1.2445921096987937,-0.019599756873619173,-1.1892477641488313,-1.148298330262542,-0.002508236054709967,0.47352074117489185,0.7237375136831262,0.08476240199282334,0.5084409143194962,-1.5547241025754517,-0.9989119966707705,0.08044553809993724,0.3782008813214406
-5.849562971352898,2.319124959647382,2.404831362568198,-1.1101039408838027,3.2238310754435373,0.1328957799114401,-0.5692711355717415,-0.8847268393634671,1.4432836150509918,-0.16281321858784664,-0.23628452223605684,1.0424969167635298,-0.9662533292356692,1.0144036237370533,0.9438222417797867,0.7416894378593213,1.5158521894525225,1.6589426345828733,-0.36225410686087045,-0.9546550204374795,0.09466014791485977,0.8641498564111663,0.7257016046659135,0.24663003538416403,0.42672942360373245,2.736405502341258,0.13919591658739952,-0.497331140881808,0.8522791080686765,-0.9521350510010186,-0.8427031637441573,-0.31490928051428496,0.5960554776554117,0.11672080478787976,-0.9168777939519147,-1.234583078410303,0.9215789812195945,-0.6973231994249456,0.4151462638731121,0.35391532431209255,0.532547771373962
2.370992625166044,-1.6706977491237505,-0.5306615220064793,1.3585052486907947,-4.038092253853664,-2.234668011550789,-0.7374484216124813,-0.6722544137606431,-0.5930974998975709,-2.2947925162515794,-2.0279019020271916,-0.1674167307288165,0.789786147338596,1.1808390587104138,0.8299537246725609,1.022798596789878,0.05263867735355908,-0.19381915065334632,0.3965412970241701,-1.0577863419406375,-0.29991644369954923,1.2995833720640453,-0.12596858520944268,-1.3651272931465217,-1.5947045559934083,-0.752289504942821,1.5124270616998432,-1.6847464768459086,-1.496671471990099,-0.41032554506752555,0.2001265808802385,0.7364456112428834,0.5679906883389962,0.5794157161662647,0.9784850020472295,-0.02436870798032381,-0.7541844262582711,0.01337765431033421,0.9193187561447873,-0.24471082329381655,0.3994676690937713
3.931865900528674,-0.3669788344097159,-0.3021098369800802,-0.4499218827169634,1.354662308650108,2.1503376305711828,1.6466777861451993,-0.561063742148895,-1.513010889561998,-2.3096559969554065,-1.2846248508726272,-0.3785036546600832,0.9306765325479581,-0.20643096985159076,1.675860025792617,-1.7901018260235426,-0.731044555600586,-0.6172948980835845,0.09324828972133821,0.43736203652243066,-0.3584913020197331,2.2029651586069945,-0.29667695922543497,-0.7043051051530775,-1.2541731834795586,0.34344285317528467,0.12154267140683991,-0.627645754629882,1.3807722878384752,-0.3756466895681403,-1.1993343066842044,-0.8929770298210571,0.6315567462725301,0.20823874982145787,0.8496710218433375,1.242215470973343,-0.6909402006853572,-0.9876265418679782,-0.16594954158377023,0.26984948733298375,-0.2572043083841067
2.800658537744533,-0.845116598150677,-0.08122689510928587,0.16011025137743,-2.7084151642742076,1.3168291773650425,-0.873989427639237,1.4269904890886145,-2.7749226947408343,1.676957577853775,1.438307267426384,-0.2641109982503975,-1.6371766626461612,-1.4531668211380677,0.6807389786607454,-1.5558905189321297,1.0348487720038744,0.6503449814693073,0.3236940857395395,-0.1403788338877277,-0.23821126558299727,-1.7244088727697018,-1.7298968411207993,-0.39149611566381287,-0.13387999560591768,0.17970059790140885,0.6115734602245206,1.1513751181274896,-0.9014195589780105,0.5035345821922101,0.03087373351160288,-0.41162181508633494,0.03840155396064587,1.421521347896792,1.2580749092509218,-0.769167907004004,0.7913998763430231,-0.06137326053567079,0.10024052783713834,0.3117170675817121,-0.21074131133749824
-11.715708558950203,0.619907392514286,1.9285409661547674,-2.8889763298290005,3.071483680374115,-1.8340994520360896,-0.7552162695719008,0.008945636820056311,-1.909228239641079,0.21320326430887535,-2.169461185845192,1.4191796336608777,-2.640372121725261,3.105660788748154,-2.322113863767855,0.6466581267223286,0.7305791178479984,1.169567111007554,-2.4193691209543453,0.03328083425283852,0.7502292524185475,-0.35771529081739684,-0.24603156986985716,1.2410390533029705,-1.8992604429180282,0.5242771507264042,1.4569929789776326,-0.01687356258414892,-1.4776907064477778,-1.0239314149597443,-0.11348631880561158,0.2007057706095212,-0.9903635917604691,0.05729137796314613,-1.0727960138939856,0.6873792071124553,1.5740602086983768,0.37261445153791967,-0.19482914045901134,-0.079515705738004,0.7061279726978877
-3.977506885534307,-3.999589983894675,2.332011065856395,-0.09484243104468182,-2.6664226337745633,0.011330932755607467,1.8438065841706666,-4.286691949153774,4.376928959972094,-1.1475802399445254,1.8083323588156957,-0.9085591152533947,0.7366251835678577,0.10142181920462097,-3.7064780547114418,0.9526556039999253,-0.03354727516579884,-0.04722176179190075,1.0457876769702752,-0.587331690546925,-2.228516274324267,-1.0245216875470975,-0.5514050579969573,-0.9937842828619765,-0.1454636497351761,0.14743173329196005,-0.5976723827204294,-0.6955378446678614,-0.828420546824899,-0.28401320612833575,0.8677036065052016,0.4025833544008241,-0.1432977331920172,0.5548943410683685,-0.5663120824309633,-0.1333612330865021,0.12008923318241518,-1.3598294507614048,-0.6576872807494635,-0.4068679505667459,-0.7876165950181881
-14.015112440329709,1.481261879319018,-1.3957540781294837,-3.7884306974004116,-3.1663507099926482,-0.5368189986885048,1.6303456094250246,-1.3018264970298337,-0.05745550196009875,0.27493798577227824,3.034188895808791,-1.311681821237185,1.473837522523998,2.533627212320724,1.7532517550409896,-1.3983260663458814,1.020969573768902,-0.7082034466216355,-1.0306283117813904,0.4150140616583511,0.5067445218783045,1.7835753896406148,0.7626608384689717,1.8785445687279598,1.3441127784339404,-0.9042547970039966,1.6796722092752747,2.1911764794990605,-0.4264001605191756,1.3087743893972354,0.4755215155218667,0.3396858229241688,0.09551656153983248,1.5796723485132078,-0.9190293727093185,1.4267333659719608,0.3181934881758609,-0.18581779415597427,0.6829419223064666,-0.3191364022050235,-0.4679609768512513
-7.435264883946864,0.35268211286678997,-0.242907855034632,1.7342314701096506,2.1059241407840554,1.3256079545182418,3.39396298866889,1.4761551544392844,-0.29152878229068563,3.5764418124779405,-1.8662829043215274,-2.116069741004062,1.6393059176477232,-0.09004329024337247,2.5987708592295675,-1.4213748142530664,0.13729019669484088,-0.750043342405059,-0.1430579377069417,0.5353410119512694,0.0014679283857842837,-1.1611679588244515,-0.44137991019125283,-0.9837495709079999,-0.19242474240168875,-0.8840066630299136,1.7548446230849024,-1.6555209923737644,-0.5626707112071766,0.22837797911310492,-0.8273562126017976,0.2993605382426979,-0.44448425220913174,-0.500409300839521,-1.0284293417240338,-1.0080890390667545,1.069849368639969,-0.5971491942489294,0.836056475242991,-0.6925299928975207,-0.3961977407052688
-5.519265858028158,-1.412855700179143,4.254385863329991,1.039970734807743,0.9344285621009022,-2.9651773949183817,1.609557409282804,2.128401312242576,0.6634954881192299,-0.9366407449542112,2.3007074183219363,1.9367066291782242,-1.3330837992950109,1.0981580998846374,-2.595834007609316,1.1384959649938544,-0.26978763309477743,0.34609547159286924,0.07888831529819977,-0.6915494116490193,-1.1533634732692502,-2.3824277676089913,0.6462706437057246,-1.731149948696547,0.36729550057334176,-1.3932041280009833,1.328164093597549,0.639554814431345,-0.05302420527277466,0.27393760991542965,0.427811294470812,1.0167618249098052,0.4210868029360388,-0.34907487810789145,-0.039667658073436904,0.47540376617561847,-1.8550101871969567,-0.7275864406216981,0.9554267358267003,-0.27978385715795456,0.2183885349059324
2.1576161561254286,-0.6878192599079439,3.907177611206402,-1.1275214285965014,1.7638653055374283,-0.5124157893778724,2.78341247716038,1.3840675474029387,0.4785495658986977,-0.8378510933041441,2.3284256612644554,0.9125077942093001,2.2033123378209907,-2.0848514956908755,0.11871674981035352,-1.6717213245242861,-0.3239570314014031,-3.991950124559305,-2.3150721751243672,0.5892652804614184,-0.26690362409658164,0.5413379069679493,-1.9068680340043993,-0.44149142308169803,0.8002058774993884,-1.1013704411470482,0.8801326251080444,0.14685871741116746,-0.743741414429621,0.31447598383885056,0.20146005648762394,-0.18249064648017507,0.6223607177997608,-0.7804924199053986,0.41962591762609147,-0.5273029585057495,0.025268627150039843,-0.1269667622388201,0.7329556669616032,-0.2582083834202627,0.15642160383535716
5.132421685224732,0.5355805757989202,-1.0237287555531156,-2.181029196895258,-0.805617290201138,1.152626924342081,-0.5923755041867161,-0.8099872503673511,2.6045429456707594,1.032421923956534,2.583657594281682,2.134721824122953,-1.0280935917990506,1.682658556145075,1.9155867085469287,-0.6679700268594406,0.5233852373993217,2.379220340045122,1.4803249513275878,-0.4415216750475803,1.313849687261483,-0.12727031606570002,0.4949284693949406,-0.3033944456369633,-0.09989903853252596,-2.8148037793008758,0.49191253944054897,0.9162561173182528,0.8116325485943714,-0.658956760522376,-0.6176663403546944,0.06219373338103904,-1.6330175031805483,0.06503973093998902,1.0385883816195516,-1.2332180157436343,-0.1249238802979856,0.5676829593843608,-0.3376255386707294,0.08216157263270134,-0.8272373559230888
