PC1,PC2,PC3,PC4,PC5,PC6,PC7,PC8,PC9,PC10,PC11,PC12,PC13,PC14,PC15,PC16,PC17,PC18,PC19,PC20,PC21,PC22,PC23,PC24,PC25,PC26,PC27,PC28,PC29,PC30,PC31
0.11065720099324779,-0.5517206804299525,-3.677808916568858,4.133266369047082,2.2305327179257186,-1.287730082361156,-1.6430241525884952,1.1043720516898494,-2.1779936812951592,-1.5910065877596686,-1.5394098862475907,-0.501160218031437,-0.5349478368596662,0.9527817123202449,-0.39921238483796373,1.681164055781668,-0.37009491732919797,-0.8301561229922497,-0.1367145576227171,0.09705583214354346,-1.3538101776142426,2.367455466214908,-0.16706557252261306,0.6001554121410062,-0.9150499444846633,-0.9433288925098502,0.4886775801597177,0.11137362369373426,1.1642825593683084,1.455308053252153,0.2901243798264535
6.907875279827774,-1.209641735848944,3.0040990633704237,3.05526939284219,0.957823979305722,-0.494965956949472,1.7692677327813333,0.7831906568123471,0.16686199318454759,-1.460334962679148,0.9478730150232242,-1.6744379418099424,-2.1453249590370365,-0.17636486005752142,0.813704818682071,-0.5297995345927022,0.269899295590902,1.8278760338631381,0.07351836335945615,-1.7776702478870239,-1.6408314117981648,-0.4831262670581471,0.9972448616059463,0.3036715162561157,0.6056448859189447,0.06163544320399763,1.9204493743105895,-0.5536402594034976,0.1812913791647888,0.07790478663807161,-0.860723759375847
-0.8385794195342905,3.488591116259993,-0.4533930292407391,1.7916034280171977,-1.558249310987384,1.4007591600122533,3.007513334510983,1.0109496734861865,-1.172022280582718,2.560767945862504,0.7528141611982014,-1.523060491354858,2.1848974969830883,0.6773733881198913,-0.14065315241901455,0.14431772336739002,-0.2854897432585405,-1.6378523012031414,0.14429640864356846,2.169533816350171,0.07989755820450488,-1.7538117639133115,0.7701974440265724,0.6334216168753485,-0.9180727034527185,-1.14193588810202,0.10963017118294398,0.6460186127873342,-0.07651333022501393,-1.7268176489921583,-0.7074446617345604
1.198889317642103,-1.4741911207061476,-2.0539564484813724,-1.5478582663151113,3.282899860553206,-0.19087373084572035,0.1629014985990448,-0.7756817472480373,5.502273893792514,-2.22231827602785,0.0783002206264133,-0.17776730313756062,-2.0284264839080084,1.1181730104023888,-0.7618299901276505,0.085275348848294,-1.6794706974393117,-0.5951957174955048,-0.6121965849512006,1.7000877469500537,-2.9146930197505383,-1.1164032265820536,-0.08445529421130195,-0.2897554285133439,0.7599611653702777,0.1574339911969175,-0.10667438365456654,-0.16418364085571036,-1.0134033844614507,-0.27484678387239947,0.7723306171330551
1.313462114362053,1.3845887741865246,-0.439709681556985,0.8680941969920911,-1.6098177228553348,3.1840678446406363,1.5042944852011872,0.8809963000083599,0.5909435212705269,-2.257389079647718,3.156597576791798,1.14059057999876,1.01029942697057,1.4498329900261728,1.3657196369439606,-0.7360559700429467,-0.453254608249786,0.02573314613561777,-0.9277123262042261,0.9600440377058465,-1.4362693052437872,1.3186220475399455,1.064814471745388,0.46213979926718124,-0.5789791340997891,-1.0749286015201105,-1.002824958749535,1.188424293378413,0.9161955637319871,-1.1018176917408031,-0.45298041689863616
0.7483824903907208,-1.8267824433714084,2.182516503653486,0.7426594938562823,-1.2713566896511734,2.8010416468836103,-0.7682134833538012,-0.49636506468380515,-1.903136709911288,-0.5097546693717699,-2.63515571329605,-2.1600364201839723,-0.7720282158851394,-0.37306410611033075,2.0447157190752256,-0.5620383281885752,-0.6122644616664954,0.2367705614249839,-2.214064308447266,3.0629981311550023,-1.3629455930170569,0.17181203942368595,-0.35477607362708635,0.47173799235415687,0.9610746782402283,1.7216391133696933,0.9128828192671453,0.9396712912384544,-1.2684492901438855,-1.052386136308004,-0.2886241516678515
-0.4211442011518418,-2.7394079523436297,3.3434792614368787,0.141509399163766,-1.3322372867988013,1.4572643251459487,2.358180866601018,-1.9236207137179373,-0.4055490021853866,0.6122149804214767,1.342113692569773,2.039949578226649,-0.5375382361020106,-1.2589881834894874,0.29146896323912996,-1.2789744115290274,-2.8092058393103216,0.6027147381789798,-1.4259569536420822,1.188129331619135,0.2277124235075591,-1.624329691606824,1.3303941844471954,0.5450145300369182,-2.1603961169751074,-0.8720969561532629,1.041803105273263,1.0065021213588023,0.7906149252507748,0.2652612466184785,0.2595886920306672
8.55829681075034,1.732921658472401,-1.4685080211282637,0.687462733745633,0.8967082297903093,0.4074660458978422,-2.9523171911308497,0.05496059636034883,1.8916113652096613,0.3295803510724754,-0.6908309424173501,-2.3553085476153304,-0.1676080369224352,-0.6269872569114662,1.4061746960394808,-1.0163131317157235,-0.4317221987769667,1.1777108440236197,0.12309539755439264,0.2495578770939574,0.41117014282862685,-0.5704461262885488,-0.11317223511409644,0.8393745348927841,2.589024391064569,-0.1346394705360611,0.6314666390331766,0.27864508890363693,0.41571631596032477,0.8405900876266698,1.2734865148824568
2.4917401276949294,0.8638566814369129,-0.34088263129323376,-1.8474928546656881,1.9153673810612974,0.4830350377581384,-0.7355685359036759,-1.9582337770339904,2.3403094957871695,0.3270006293141352,-1.044584340062826,1.7912441385115756,2.0221144862733014,-1.393245372299757,-0.4350848518854777,-0.6070270584041888,-0.796870830330902,-0.5269612125644061,-0.35791253977789234,-0.5816792652700724,0.17175165030968761,1.3922065400644252,-0.6878443933284909,0.4163340577902077,1.0274664349944258,0.38095010302053334,-0.19410991892876114,0.1500243325063744,1.5524353898263417,0.2369065309791395,-1.4010318900450065
-4.9722475959267705,1.162179780866698,-2.9355800771990186,-0.6811040966002704,0.25576311248573347,-0.8446672093504551,1.3178944930150223,1.7425783539636044,1.3843923255758543,3.0247878479796952,2.546993855676135,-0.1236145975411267,-3.0275133541507677,0.989673250976029,0.6274275608857045,2.895582297415234,0.3865186844877924,-0.5741996450999215,1.7984080081873783,-2.1257319232838348,-0.08899079424365197,1.2393815331021933,0.010475440422914293,0.6843723219436645,-0.6760237075425245,1.8387979947305122,0.22990655062764268,0.10581689728150807,-0.6290117812697363,1.3796214692173883,-1.1357285246835729
1.6058654498913174,0.8766263745509376,-0.5399731980010275,-1.3353654495077343,0.21767547349038718,-2.361143866445095,1.7503172933932103,-1.2942169077063232,-2.1663037134020766,-0.5086698432115812,0.6351470091075293,1.3879645200317228,-1.7708210747919213,4.0520368101513204,1.171089212387678,-1.2376463797882515,-0.8678978076100944,1.6911206988089313,0.008872751224168,0.6266693346875802,2.7165743984135164,0.660578429240744,-1.2792984150372275,0.11690914175627706,-0.8196887249286621,0.004073846265062233,0.12219635031438193,-0.9148946251519577,-1.3362974105603593,-0.306558852600068,1.178521936696688
-12.392718473520347,0.25805648744718396,-0.07283708277998108,0.35814447850280223,-3.064603001261932,-1.9359469323340421,0.41047538170352466,-1.636596153915894,1.2811560647632003,-0.4907613443867665,-1.283746121617752,-0.7937475407081444,-1.894336915487339,3.2963180924673123,-1.842503622741131,-0.21808681378948583,-1.5005647584141728,-1.6241326620146515,1.52507565456267,-1.1618273970210546,-1.037812184819713,-0.3068729096159259,-1.2415247900125064,-0.8136884631056739,1.7416076057270895,-1.3782670133198758,1.5753548062284315,0.002303263516220259,0.7947394282321613,-0.08660617155719445,-0.2789285994706945
-4.8523408384767865,-4.165098675971948,-1.3088375951021205,-0.6332318671853692,-1.5641980315491677,0.5025887014894641,-1.628014596427115,-2.2758652885677866,1.2923042806393679,4.0119198836840475,2.4614711422920186,1.0113627463489783,-0.030114620134966578,-2.114731941377176,-0.6556867376741636,-0.49061069753805203,0.5512846779929289,0.37223376251820944,0.04593102953461705,-0.7983412013800536,-1.5554503651589437,0.4741417969625839,-1.3593813645001394,-0.5407791916848499,0.4354678072309231,0.417960173567594,-0.24578568644222235,-0.5457830612911557,0.3028719761921241,-1.6218537938490099,0.29739484670424443
-0.6673738291128065,0.9493742558899708,-2.6180130994288153,0.12199813944007769,1.9637182846254295,-0.20315031199153716,2.00208340332583,-1.4746765210009127,2.11317743429593,0.655763411675964,2.927263811818682,1.0353457039959242,0.12356009669496218,0.233696543937042,0.8716159097755105,-0.06249871785453052,-1.0378125148860986,-0.17885202281014553,-1.0056518279889728,0.22486111267526365,-0.22062497647583112,0.16228080932354594,-1.539079163059831,1.803461010061595,-0.19621821372625634,0.2107573249830685,0.8436912128318308,1.221804713977532,0.6388091271119452,0.782214966076595,-0.5690112022342213
7.71347225394203,-2.288191242982219,-3.0649155952071387,0.45506909706953264,-2.4989657838818116,3.0910744189286232,0.8453141184875774,-0.8609282091326768,-0.6043269173734421,-0.20101284329992716,0.05903469994481347,1.2805833184736868,2.3782058321419703,0.07465859146775136,1.4421300512946102,-0.2831512837021395,-0.6429000467326359,2.1316580119759623,2.7190830212925,1.2756087989310532,0.130088089896057,0.25101133142315574,-1.0997433146777411,0.6215648795597202,0.473598979920639,-0.27732922788799785,-2.434274127656865,0.20151458192234536,-0.7829513785382077,1.3034888403354419,-0.7954834003320184
9.733381736745399,3.6741623537067194,-1.8279540638543026,-1.8908754351630264,0.7158988789112632,3.0165932667938913,0.9637527455685448,-3.4565665151781975,-0.8144722236109152,0.247101020365547,0.648230718521481,0.3957715128324895,0.24462838658416503,-3.1752389855015224,-1.768469017344139,0.3168160920453185,0.5393749189669843,-0.1375082433969839,2.85822085184454,0.6287865599794574,-0.3725640727428534,-1.6450490482406666,-1.3573965085333126,0.9130144526990492,-0.5008858617730095,0.8897610851609709,0.5304647913586075,1.3122750235395941,0.30618931074696554,1.244657132810461,0.12899175546694014
-2.000893221091839,0.4556115992602887,-2.732720358192532,-2.5970053987382498,3.237886214868906,2.3022111387035396,0.6230078315093298,1.446765403176303,-2.1006306829960284,1.0604296822794614,-0.26411851128163205,1.1857005834302772,-0.5646567888300493,1.2935274316216203,-0.4066728055000968,1.0506267548381472,-0.1076348905596384,-0.7404993942020461,-0.9890324222688127,-1.0980623754372176,0.6742625660123579,1.0833119971028002,2.5006546823850746,-0.35863519911136904,1.0113565107937812,-0.10441531690250898,-0.34712126051227277,-0.038568446560578874,1.0062539155082497,-0.5386887727679925,0.4100267933894465
2.4453084019385636,3.229016716195063,0.12237475172890445,-1.1755653370305248,-0.637876967968167,-2.1214336893000643,0.615209415269883,-1.3584715687972415,1.355131858633256,0.7714988941073382,-0.8990947916941768,-0.04686227896078505,0.9032939831533806,0.17051283016758084,-0.478328248122209,-0.07479788006417701,-0.09857017664990146,0.7849944793453337,-0.23264140422383842,-0.8316856697081342,-1.390893586925737,-1.6557383712609506,0.32738665689644475,-0.09711098233351917,0.578137240489263,1.1675656986242497,-0.056331857733129695,-0.8944423534287089,-0.3651328388272408,-1.0816246330296493,-1.1222472035336426
4.147612212407405,-0.5216620071661983,1.2918605839032322,1.01291472132267,-2.108809628688935,-1.4124169734956198,2.518738277441892,4.637880097360855,-1.5688003285267795,-2.6238996027957753,1.4388236978296587,-1.257227249207408,2.3407398122550096,-0.2802298729258435,-2.8412540172183687,-0.5222803721963867,0.9910420797124337,0.26788179493691144,-0.40779650314232996,-0.3250999951121148,0.0154057446588518,-0.5997513286135266,-0.9259506359847526,-0.1343990568165456,0.2988797097612722,1.036699635890607,0.6427607147038807,-0.49478766283204667,0.9873264038596582,0.34337065159897984,-0.29819782206034945
0.24070345703199728,-1.1592841700922518,-3.4602954181580414,0.04444002136856049,-2.2495579166760575,3.019669239171075,3.0967551839996212,-2.5436480786311724,0.4139328387388762,-1.7165977371542969,-0.6995657958436414,-2.252572999474164,-1.9959747810040367,0.2044369134232777,1.1125639240473184,0.7707278678689489,1.7290218916664413,0.6680448424264045,-0.985428183221923,0.9743294816723637,3.209614042534956,-0.4076146043996291,0.9847375359150006,-1.0558934824457245,0.20772625379417303,-0.917574838585968,0.8844022608493582,-1.198804417726502,0.37214301503064634,0.13714232469441442,0.14271139561232773
-6.415631468585159,-6.293199128932619,-2.436831911380889,-2.077463237781376,0.9139502104006584,-1.1878893932238972,-1.3132389226493315,0.667646304653809,1.7811032524952641,-0.03859552294881393,-0.601378967611013,-0.33703305780289844,-1.3182222488837505,-2.797271623927567,0.9627406454388465,-0.6178221207898787,0.4954060034850202,0.13563694759078115,0.06513854885703307,0.9778595517207701,-0.6614918209771106,-0.15052383626217927,-2.31823221345903,0.008442650332763094,-0.2237580675468888,-0.5824498091535483,-1.1005511070265437,-0.8100529515722886,0.5192644953005373,1.0532374598600582,0.3393179582282965
-0.31113626381267917,1.2670616953645866,1.8360129969985064,1.6470774749305932,-0.2623720565183395,0.8456948779568724,1.858741057098989,-0.22500051359846435,2.1711695021715065,-2.525291667800503,-2.045108996378921,2.2888074161383085,-1.9715391516144978,-2.2726094863985864,-0.18926333997122016,0.19554927753643628,2.0129353959798557,-2.5564965786867013,0.3777807903288266,-0.6635294844800584,-0.9886512152827818,-1.1939643692689825,-0.27046209894332307,1.1139461354948301,0.1283254632194,-0.26937044644464964,0.964900047562795,-0.6272614135131481,-0.8200677629774054,-1.3530151684632397,0.464012479488853
2.4738475793926105,-0.7362378305493232,0.03219739457801695,-0.6318493711333425,-3.4203789701283465,-2.6650982261983667,-2.768235192897412,-0.11727273441184059,2.010510021396863,-0.7998988484354995,1.2985895648790255,0.724491810454906,-0.44470904198510247,-0.8378219976661442,1.7942299406927256,-0.5234076066965101,0.7602928530624048,-0.39856887207150576,1.3885675318156518,1.084168696500094,2.7420979387986373,-0.8330136847546067,-0.11896085650757243,1.3593839585545164,0.7409725631699688,-1.9839363613071068,0.07658054974163024,-0.5681405051195355,0.0008164466154754781,-1.040007995929999,-1.258007751457366
0.424436785264267,-3.220939735069981,2.5084724807927645,-2.128229819713937,-0.4996201152581194,-2.24475722705841,2.1325926636836225,0.09613838765374674,0.30049126059771575,-0.8059695956292638,-0.29968299969450796,-0.9133387893183282,-0.33218186608832406,0.6373937217074355,0.11778481906369886,-2.458063871774462,1.2532185348953586,0.6354365094350649,1.210478063681154,-1.135796586725547,-0.184865472045418,-1.3324622392881798,0.0523292671049656,1.7490798612844103,1.2662872712546513,-1.4111167236453988,-1.0125293701160358,0.7859265113692527,1.2151813265378208,-0.031203740027579842,1.5700498541627814
3.543405038280726,-1.4904467489365187,-2.4521376280148113,2.8462442469726907,1.965217151693122,0.4291584114039899,-2.4012423404307013,-0.8848894602241116,-2.772841023088269,0.21086374030249105,-0.5188307015616013,-0.7832523363281912,-1.080556818560252,0.5139865417123363,0.0914393649014943,-0.3750033274011093,1.8309560558351876,-1.4389100082205888,-1.294165261392046,0.9009453232158794,1.1459967265271032,-1.218419233871362,-0.6378379433252702,0.43903920484418985,-1.1045556077534646,0.12973492262391775,0.01529528115119706,0.5424482107906273,0.17821977364720518,-0.32832811261920924,0.2678890478697035
-3.1758102740287497,3.295767445904959,-0.7179819153039573,-4.265276062600614,2.0902049317395144,-0.642417229845596,0.1608357848225446,1.1823294006160796,-0.836023667050657,-0.15544648242537584,2.4902046290647224,0.26109465061678533,2.5026811511854326,-0.1213192748918954,1.9480543970580972,1.1001394907056197,-0.2971235348473323,1.1116397642537814,0.10790239369597905,-0.806228771352559,1.0305732330928299,-1.573973477766408,0.43746383483191487,-2.0240364166085465,-0.1276037313018637,-0.8314129819221997,-0.3447481152825512,-2.2646059463169874,-1.7714040681208836,0.24720444279414133,0.21889115596600536
-6.078349140612507,0.7961096185188961,-1.4867226867009693,3.1503245045749932,0.91556097459729,-1.6907598746951116,0.058248889320680446,1.3328365578791357,2.6023899546014317,-0.15905761286988138,1.4871378578920496,-0.11017298401890464,2.388460938425384,0.9893605049391041,-1.565582571668784,-0.15776276862909638,0.9000830950370802,2.1682482554514184,0.17663183151077466,-0.10359684927069573,0.8917727995977139,-1.557142163375314,0.2630189229274871,-0.6350017220404446,1.2560841536809448,0.2892245863198322,-0.740402229303627,-0.335895005470591,0.26527968238121746,-1.2551370925020997,-0.6936328632382064
-5.973380312869988,-1.4672819723646398,-5.587450406592371,-1.0300688079959528,1.0692162848782318,-0.9671741291496475,0.8193325717303728,0.6896792876790995,-0.7180205644810025,1.9193474412143234,0.04869633130569467,1.5952478145241522,-0.5546859088031427,-0.5127091629198166,-0.45804224120187087,-0.34304825251866433,-1.6743778810617733,-1.0059585217907203,-1.396955615390677,0.4481447708991412,0.8425178311651953,1.6710982427019057,-0.8186776396978462,-1.6099766295514342,0.6235679410162708,-0.5508235156084756,-0.7700526673283539,0.9994779889790751,-0.1066738179142323,-0.6832118694370947,0.22931933664663823
7.5389555769092835,-2.8648354523253383,4.555731539044589,0.7865498472675945,1.8848649729485556,-1.313033200429029,0.5124570003363514,-0.45277940834974234,0.45625991714400044,-0.37977417552046183,1.8929540235371118,3.751043994617946,-1.0119037069235648,-0.7262748145382064,-0.35481769833434623,2.2450955924149802,2.183990509989781,-0.9249221294200886,1.4830646617231156,1.1561821668662735,1.1075573241604173,0.7678846443251557,-1.8363190908685227,-1.8272703225530753,-0.19024138365392737,0.16774599996801837,-0.22046747425347538,1.7566405254764272,-0.13823980592622812,-0.13983891613571534,-0.08096359146613477
-4.6994137969135386,-1.492401786295599,-2.5204175193080465,3.228682772301244,0.42461096611886606,-0.6306827058802498,-2.309201172821191,0.6547970194465106,-0.07174685822350464,-0.8146174348649668,1.570233950998149,-2.6995123877229292,0.6688483364663628,0.06680447633712841,2.309191426232143,3.1721633114339043,-1.3933271910689637,-2.823912776087073,-1.5304384827640212,0.3919453897709534,-0.1087671960441,-0.8685248401244535,-0.9512524304502368,-0.08428998766912257,-0.3486408797292706,0.7682968171848452,-0.540382085291072,0.5034486633991342,1.1147134375659649,-0.02862122358977549,1.499561462715217
-6.477210109994948,1.1343666398543955,0.46622616611415585,1.4395217525795234,2.086888333725923,4.2429019695951276,1.869224699287461,-0.6561677484506878,2.3440677530569376,-0.3959389852469354,-1.392410264540416,1.4197145238978812,-0.4139106477940225,-0.07920954031490982,0.012510278464180123,1.8824353607915787,-1.7529072147333578,-0.016758196652614434,3.1034550799064657,-1.890929835359424,0.3954426743082871,-0.009950843289776155,0.5489072067220692,0.3860899400613444,-1.3400736839175384,-1.0149002435179209,0.4926885324610785,-0.29580096523632377,-0.37878093007514774,-0.17975112043842725,-0.2212280423392043
-11.586345218279806,-0.766455373740214,2.087732964857331,-2.0286840025289816,2.152181269672,-0.48344916936280175,0.82652874898295,1.3497173593398804,1.3800371559232205,0.11331876723295792,-2.172173780563625,-2.0340410906007294,0.29155604995597484,-0.8002614862950261,-0.4419630852667524,0.10402242890760378,0.9510053638019146,-1.4284454995050158,2.0335866579141895,1.172066717362856,0.3785543219717132,-1.0203234473102205,0.5327095896751837,-0.05124104130369126,0.8262580712477102,-0.7761112397043425,0.14965179023738548,0.7030927676820143,-0.8544441843920424,1.0284742568444862,0.9645616869739593
3.655919574844745,1.1014199574598122,-0.24111514859789024,-1.9415832642609487,-0.05648846417963789,0.2054622466562311,2.480189096615475,-0.7486504989302635,-0.8452786445953661,0.844286507422458,-1.3841916156239205,2.032350664247628,0.7068812510999537,0.19783063791600733,-1.9915183563215462,-2.2124678076100066,-0.38120023903123096,-0.08287809524409973,-1.0065896403490207,-0.2579035656072037,-0.8457572380491929,0.5163661027451031,-0.12702402378963276,-2.1814777211240073,1.3685170607152592,1.4507748425451865,0.33678061539023446,0.03659156726211417,0.23825326489324541,0.8067880592952535,0.6570924074008506
-1.2773069451738224,-0.2781517304469292,2.25975903167919,-0.7203026207254585,0.7005078746484782,-3.447499185222621,2.924589702755787,-1.3953364571932105,-1.4494817032297271,0.21008417647861702,2.3768506387402675,-0.7520196681317675,0.5019691717632553,-0.9383783724691885,2.0608852589103335,0.04446794891831506,-0.4370967077696007,-1.697099378489103,2.6559218667021898,1.1930781319077892,-0.5397595843291587,2.11723960839566,0.42059980319389145,0.27972703463615034,-0.09704075599038621,0.28016875721479667,0.7896462191403192,-1.5546057000080749,0.5143614888539507,1.6284354734925386,-1.858583777249362
6.798076744459554,-2.4683436341302425,-1.6189721550194045,-1.5441516538081117,2.726228119286797,1.7712931056544212,1.5086751530790277,4.928144067478787,-0.6081751111333328,0.43840399356452403,-1.0398794799132645,-0.7956488386054641,-0.9800450320964442,1.0449681490189524,0.20371647949306923,-1.610629221535846,-0.6234310481469413,-1.5026449909278137,-0.3544795568429431,0.3627260875714503,0.3924652338532022,-1.8307799193979415,0.41502713250386714,0.5468722439169065,-0.4584879587056762,-0.15826542113719894,-0.6619983272784223,1.5927887281452664,-0.6142084099639277,0.24344420746438006,-2.131547593627944
-3.5278218689828047,-1.0380877443409227,3.7227630933302356,-1.47696708217536,1.1080571778853285,2.3189639102938946,-1.7256423700351438,-0.38510826444914037,0.4000335202961206,2.6349103728371124,-2.4616312132912253,-0.6234526307661489,1.2036101456551704,2.109294190864471,-3.3411699443140943,-1.8455760271441914,-0.8698837137330085,-0.39563713196472194,0.16957530646578822,2.166392921774037,-0.00466095586671752,2.6063952121214804,1.407818672795436,1.5436328232602143,-1.016383218647859,-0.05371339880506708,1.4412387357257999,-1.3979264383190946,0.9531886179716942,0.06758057815058675,-0.3074755063327403
-3.5050220781467702,1.8597602806911966,1.957942197026607,-0.8924313029036806,-2.2688135832949223,-3.1438716325160456,-2.2682797160151638,1.0648440564321233,-1.3421855076887401,-1.448826523670996,1.298559191757702,0.520785442139596,-3.645765106134301,0.6687069761294347,-0.5541696747852353,-0.8053856393465388,1.8381687605563872,1.8831260210009446,0.49289477645905383,0.2955581398510905,-1.0971228242929456,-0.08727671022711402,1.3146260919888981,-0.5849034677983209,-0.025044073163310615,0.4095522500019647,-2.0278653811014835,1.5686613948100778,-0.9544191355195896,1.0108544956292647,-0.6586985970520817
-6.223708296913982,3.2952201527973424,1.1374491102719015,0.042712126943336474,1.6030559471952934,-0.8523732925148259,-0.013348051180177747,0.6292886413376538,0.3911787808739408,-1.554443599166953,0.08328790290589387,0.3027902223572586,-0.22656130109557054,-1.8860293962462134,1.4198948767906165,-0.6491918400011545,-1.3009817607241994,1.861482086185267,0.22145090002159523,0.13576181290040212,1.2027748811834493,0.9716290905224356,0.7709066714553915,0.705524676770789,-0.3006024902403792,1.5091535580144253,0.3677142982866029,0.3461088642411743,1.6281040764801162,-0.4097778659911314,0.9751851059866439
-4.732586063368727,-6.209983960870904,-0.10341140179899826,-0.9806363267271521,1.8424455965390822,1.1487205696601472,-1.705697081720091,-1.9385343260978698,-0.8149064392691621,-0.8752691614706347,0.12101711856762332,-1.5018465824142224,1.00987947426487,2.5254383206800974,-1.146262853646123,2.2636009188118345,-0.24542283686142408,0.8495673138889471,0.8318682497828538,1.2801050890083305,-0.4429349060258118,-0.27733887211524966,0.23309147495258054,-1.756180429683605,-0.9205561143521265,-0.42960135398856675,0.07449277202549226,-1.0190557404519793,-0.34957167220518814,-1.1949816683197176,-0.8555050646215331
-1.206210057204149,-1.920955434690023,-1.2865547602986764,-2.785465919427515,1.4605118323520472,0.16701118260797343,-3.284140581684058,0.11820715189094634,-0.9813690264032999,-0.9743605024355014,-1.5777680721635223,-1.348795691526729,-1.4203097762728656,0.03557984218857669,-2.169351006052782,0.16285535978565252,-0.689822544864692,2.441405163546424,0.7250091789127968,-0.20914396309299438,-0.1264654426522971,-1.3771525538469171,-1.4946062303760868,-1.2424819139604908,-0.3804444293431228,-1.2635511650055038,0.6885011327706344,1.3730067919793523,-0.3474626398938755,0.041919944292814024,-1.0374822569074122
3.3054524540954877,-2.20793041908906,-2.418929094727629,0.9543061369263085,1.906414035283214,-0.5974909999951937,4.052014460478955,1.0705624636963031,0.4663275514864172,-2.328699095692261,-0.2691239765570365,0.6778750841909934,-1.1040046415331206,-0.46057184922655553,-1.5080283037500373,2.06801906791532,-0.6042253407345919,0.63062621145327,-0.9184695258255501,-0.637613868273575,0.4894033030806434,0.7060147373332569,1.5349764140108606,0.3250036940128206,0.45912654707851236,0.03852177520394112,1.0314624514518014,0.3276564584930264,0.10212773983778989,0.10351363464513996,0.16619090164748251
3.434617934611897,-1.5616794605802164,1.2513103760133597,-4.0949496446916545,-2.1095146973593857,-0.6732521127098182,1.621295227364835,-3.091335468390959,-1.1989065873247242,1.2314842958579926,-2.3392264398393623,-1.8932973791821877,1.2632388142356012,-0.00801494162030954,0.43291333049900765,4.65404220687798,0.47365521660089605,0.8888642392305806,-0.6404215384420533,-1.6216748088517579,-0.35115218821130467,-0.644774005656301,1.0895578686062297,0.5784090589585608,-0.36660934410637175,1.2297093916334068,-1.62425726363434,0.6482792014475415,-0.09161663476669776,-1.2329845890507098,-0.7732964758179347
-2.6584676384966177,-1.0503952476417588,-0.14977769558495688,1.8002566193258769,3.660997533871898,-0.353063823434436,-0.8645338247829232,-1.7189374822011743,-2.558432897762148,-0.6720633689188326,0.24105016505957633,-1.2301687874753169,-2.2148691496207435,-1.1380602902611563,-0.12107712275667822,0.37418344788216307,-0.6137459559897106,-0.8504502022276462,1.051855639498668,-0.3783246824907453,0.39094313217147036,-0.8953222069800654,-1.292477095159063,0.5541755738747572,-0.2704868262399752,0.06157866213738495,-0.7111612393094535,0.6422750658432568,-0.054197360415297845,-0.38869137618760774,-0.27146625862520274
-1.0074433889377943,2.1585643719240646,0.48325686078081115,1.5208839411449173,-1.8107237199676496,-0.81922106496226,-1.9337474837425923,4.355926161275811,-0.3193364541578159,0.6508037468403889,0.5061713329601574,0.0026815887304408328,-0.8409637167825211,-0.5507334447133398,-0.9677949517478095,3.0740002720447808,-1.5000812745915242,-0.11080374980957133,1.2823270691449837,-1.7933636984114711,1.0690250355057684,1.4407905763282898,-0.2465353704182236,-0.7879386290930304,1.6351408686493825,0.14114551783057566,-0.40466197307947527,0.29551037872931957,1.2120910174340593,-0.16342365202138537,0.27086279365603655
-6.963451958523169,4.212371289977942,-0.7512484743008203,3.690664781549124,0.3495549688831031,-0.7071366840721491,-0.5915725165934044,-2.4987086992899314,-0.15771832214259804,-1.7718080215536491,0.6326676663803245,1.749854894308676,0.20741393175774517,0.5089764656534734,0.43952338330381563,-1.7919469588243362,-0.5102516685000685,2.7306030551351843,1.2562401033379926,-0.18792469722898097,-2.520342176915885,1.2173038883024343,-1.0332595152100281,-0.801568636054217,-0.9604337450951648,-0.4440871208697717,-0.35225609412720693,-0.041442442408575496,-0.5102587142531854,-0.5259825710080784,0.11059598600026621
-16.685067970919732,-0.3705450590240417,0.11008777603452288,0.42734717255317356,-2.169943324991796,-0.3584684399519681,0.47718225550874926,-2.1368717617855655,0.69915509427947,-1.2173594865023518,2.7560747723983474,-1.9711230121399697,2.623385708388133,1.6152063137033494,-1.362832961479121,0.42054530140193214,3.1688984860542977,-2.147027190258621,-1.983773637299934,1.166873249897097,0.09756564238124393,0.9263900009327809,-1.0786539115139724,0.2914600797716024,-0.31948184002420393,0.1773361197727854,-0.40481659014612464,-0.10789968076206512,-0.08058966410049306,0.904149002925122,-1.0649318753793506
2.455318122255496,2.0078293781089074,-0.6492704002970342,0.5915736326231982,-0.8092767476724612,-0.018698943461278303,1.1549181949169702,0.18524940562347073,-0.6986172467144734,-2.278532168060108,0.486082133248962,0.9835053723831609,-0.8995403360785783,-1.115257098318691,-3.1151051994593506,-0.8793410456066708,0.9417192769677126,-0.07380215221069336,-2.5944960711090905,2.0062053009523524,1.5517265547153596,-0.20182953126339606,0.9564467304571714,-0.6981674029331013,1.2698168803873695,0.520168931691715,-1.6976447836811825,-0.19660759998900332,1.8997637251451371,0.5175103067357213,-0.2664863824431767
-5.977362959438827,-1.4376901008411347,0.13488112492026194,2.1907857406146034,0.9811026717162207,1.1030419432790055,0.6923057683949568,0.6968283320135076,-1.074465615474567,-1.4818895860528194,-2.611234952404076,3.5364409523237916,1.472429005651837,-0.7294376948062757,-0.38873128341649565,0.22446074845267613,1.1466417490096175,-1.0592590065697165,-3.120010386358076,-1.3147988850580488,-0.5567667992659769,0.3947483091947153,-0.9449112786097659,-0.7895319592592724,0.2954887274551701,0.8685479850386885,1.1431818629151802,-0.6770047484721576,-2.1587745102199603,1.235729572654348,-0.31707399169208395
-1.0617487256827052,-0.27314136581444226,2.5969322585473997,1.3013471518153177,-0.7338830244058324,-1.1546206213331558,2.172781583375966,-2.15312266427196,0.7302422907655484,-0.4143541660126975,-1.0067769966418294,1.764641953045043,-1.5187961399734133,0.8720061398522237,-1.1377095380016526,0.16872787986591922,-0.09255889946902442,1.1393667739574385,0.6397346305580985,-0.5122570598429746,0.1039087229343371,-0.803478508597017,-0.913754977329227,-1.3905969224796642,0.4937475882118239,0.024524934848163725,-1.8375825109421646,-0.1882555434593411,1.745100655677716,-0.6558110011882411,-0.7164089882280791
-1.7635554105769378,0.7437106212711352,-3.291134237424774,0.2383461388984782,-3.881124259437661,-0.20774209507222896,-3.844139336202673,-0.26620090256668155,0.16833366131936475,0.13112480181593947,-1.4927682569488567,2.0277922776741257,0.7956421767802627,-0.9902658732003418,0.330978498509317,1.2397944249560073,0.3090153823266527,-0.405216630966968,-0.37100226569657,-0.448052577165459,0.8636038739170706,0.010675723377518848,1.6203632961190488,1.7622451508780836,0.7010329174195284,1.303593288956038,-0.07655856032187423,0.9021434292699937,-1.1243369657943598,-0.4830573836390066,-1.5327820959972902
2.3053954285968254,-0.4310290596424845,1.2078400890717063,1.2847970374571656,-2.5619616822098026,-0.20224612834231212,0.155611252762764,-0.661450973953085,1.4429665698694643,3.020625249033113,2.7903065258923596,-1.1389046471744597,0.6229929760277085,-0.5232490733255571,-3.1053535617973806,0.8976655833960359,-3.3402182235814077,-0.577742922442193,-0.8641430060041579,-0.5264576915967668,0.5571167390778647,-0.6573406585468727,0.6321470706488422,0.19472822697659364,0.12884626280812791,-0.031836221352218703,0.13668601412975967,0.5991925166382187,-1.125286873178997,1.1023146198856892,1.1152903393265183
-2.7060277322522746,1.8597956241897446,-0.7664794033553373,-2.5365003941188724,0.2460338728832415,-2.0302517708201484,-1.3046762248926889,-0.46820402999435246,-0.6443473648681617,-0.4379690725155832,-0.8998628600287726,-3.9392571330894053,-0.6200499590968295,-1.3591985410347576,0.3183052187043503,-1.2553219823264146,-1.9783553186274458,0.0893363603776129,1.1924128588686318,0.4401490993232815,0.8937379173584888,-0.009520590796167414,-0.2880839776146893,0.5945430225420498,0.5088446077918503,1.7146653152158977,0.3297470350198275,-0.8472646653052146,-0.44935965098235564,-0.21189285865386984,0.08271542435096385
-3.4579683591757986,-1.4216767433862318,2.0126223224222306,-2.0345998191982715,0.20286235971525865,-1.8491296615716888,1.5051585032314612,1.1514721732175863,1.8901946080099319,-3.3550085962126013,0.03802372326162381,-1.4264165054894176,1.811005317045669,1.455200535609194,0.7253950356717006,0.017580892163581788,-3.540419651153238,0.4037554049446555,0.3963886451908069,2.316634468170213,0.9983606199595497,2.3611265541807436,0.005147990998436423,-0.1800448146057705,-0.7853020873450945,2.199236099475549,-0.07743801762477279,0.9577287403279348,-0.23653270706622181,-0.6300919256153253,-0.028062058729518568
-1.3902467363981055,0.5842307416251347,1.0197551418303836,4.597213134979065,0.806265215922256,1.1742182126718843,-0.14446132366479966,-2.0054180509167945,1.5223752066296268,0.6259795303624245,-1.7436325058627287,-1.6210748309467604,-0.2564503923001915,0.04023618088848619,0.07753005905335288,-1.7340281029452318,-2.442251255650784,0.43941596654853177,-1.9051010209140113,-2.3731181114481594,1.5028809237917544,0.6828074205919187,1.3323122208317255,-1.4740150466639508,0.6263412490909831,-1.9657548704199523,-1.5920747698678295,0.13412987531367884,-0.5869267958597604,0.3642736361020351,-0.6125307830819874
-2.9253036624115554,-0.7150593720588583,-1.2417017563029842,1.2139797599688391,-0.27021740178163156,0.29880397521096436,1.1512110947579837,0.8805234039550647,0.4818771507268287,-0.23874599624752574,1.7290999265133604,1.3727874497583206,0.2211446515093007,-0.5876059873634231,2.106859486714206,-1.864132204314742,0.5263128133797098,0.8614951596814496,1.0632838559440179,0.9541563919092936,-0.2234574711949184,-0.49608040937636505,2.126577678038902,-0.25343176629290026,1.0894940568999694,-1.7657141978131288,1.3901564305165783,1.9601860568094096,0.056377587024383474,-0.5589495059327184,0.09997123218771437
0.5578331170782906,-1.3558680887154502,-1.2030427273551636,-0.33341100810052476,2.7710102362904245,0.6945118814783172,-3.491386409131906,-0.37452060564217554,-0.5069614281517687,0.30120443113322404,0.4412023220534838,0.945464686505458,2.4599642749135087,-0.6579985149471764,-1.1850333441368774,1.7254772606698858,1.984254080629047,-0.5324966599234107,1.2318441096955264,1.8121491364238786,-3.0827582394216893,0.05933235774584618,3.0765884080508252,-0.0343953930987536,1.4642883943987883,-0.2730856642538674,-0.12078558711709231,-0.10844942131019675,0.13414492940843833,-0.4839289889059504,0.6872600947766793
-3.7108275479219306,5.6852518316596825,0.4481255541095184,-3.011939683618256,1.7567637442874613,0.8757003870874074,-1.4354468223877273,-0.8943488264344696,-0.3532964688527953,-0.3901175275451727,-0.5174880766594103,1.851794199936294,-3.2262362254441936,1.0807070813590274,-1.2815841929247815,2.0573958329099344,1.3741331365410456,0.004757202730863332,-0.529157175182456,2.3213283708861785,0.33002903693640623,-1.5174173450947055,-0.35918042876508693,-0.6308843024767968,-0.7860503912316635,0.1391981088325997,0.1687652909928373,-0.7556662535090228,1.3225521722370002,-1.2954015421237368,-0.2494511534671738
11.01892476053382,-0.7051768201646885,2.3339335048748335,1.0397092759051654,0.17257553168401182,-0.32989951288522157,0.4095804339896189,-2.029621994264164,1.255897745663634,0.6601435691749529,-2.4901482903938454,-0.2487897593543933,1.2182494327035225,-0.4015284201130034,0.7670546512873501,0.3887066825650701,0.6084829957437221,-1.3271152489794944,-0.23556658084915835,0.4518994256265548,0.7591503507808404,0.0017317886981963273,-0.336948438715384,-1.154700811405231,0.08686827078530057,-0.6250411929403695,-1.1755332058987904,-0.3803912430215612,0.7437062441644546,1.3474346067349368,0.13891800562633463
2.58243309553059,2.18666258950838,-0.140588098301934,-0.4850592330768814,-1.4075280116918785,1.075234623526004,0.46911907220679283,-0.17753379491547625,0.3268665721649931,-0.8689565600868133,-2.139176800540486,-1.1963781161783698,0.5651387924257388,1.664694730446586,0.16521469238061706,0.06327504236682897,1.406294400022107,0.6804735687728805,-0.648891589269459,-1.069852766103801,-1.2279881384809057,0.3237007933290157,-0.7974438277416922,0.7097988560872133,-0.1891845320281298,-1.4782335071849269,-0.23336587626410674,-0.5363373235932668,-1.009339894830849,0.37617512035839146,0.884855000942499
1.7761459192991087,1.092071105037892,-0.8728362678301682,-0.45367339952371166,2.5007734397598735,1.2113929267084762,-0.2826626936108503,-2.425576191062686,-0.8970870289885984,1.895722719163033,0.16412592489441688,0.288346597991982,-1.2873151900940571,0.11883114790427272,3.0712190313014736,0.5175788420283194,1.0355185887704061,-1.1279725471301452,0.17008899834509553,-1.0596130817823999,1.1644041702697983,1.6037732372315476,0.7104051989927386,0.8847504648542135,1.3391550693316192,-0.5262512213147741,0.3218120175399582,-0.8379138166239988,1.0026926991314253,-0.5834332245229604,-0.5190386328270001
10.052355364429477,-0.26659509808792003,-1.04288443284128,-4.62509236916397,-0.41965386790778725,-0.051181233079693876,-1.531946616611682,1.3117616489403632,-2.687156077116459,-1.9594383351958773,0.12064099891820756,2.8601026725840986,0.7813264132262715,-1.925221500346688,-2.145731057922463,1.2857601929799334,-1.4119507594786245,0.3843271321869687,1.0389373501395007,0.06356681787967428,0.6399013969291745,-0.9463316757018367,0.5755540763723498,-0.05750845345989382,-0.4675671944520207,-0.6008035495576523,1.469877827229648,-0.7284033068454687,0.4039277096253362,0.46824162649479356,0.2345362636700301
5.851311122862825,1.571692378214552,1.0786584925371046,0.154998266425983,-1.7733664926536423,-2.1661948175150014,-2.376183927078894,-1.851038893307011,-0.4843362609530771,-2.6100016236487087,-1.6399820009587316,-0.28678888882954623,-2.021942782009317,-3.6220446026086135,-0.9543394900946854,-1.3220822641496106,-0.3824129708024015,-0.43444189557544416,-1.1211406079215183,0.6408509817722551,-0.1892625675176594,2.4434977515448444,0.47717301934477135,0.29355578248447683,0.2020977543648013,-0.09839386472646044,-0.6124502217845841,-1.3269427279551678,-0.5307116333894704,-0.3048315328771659,-0.5893769028909289
8.750587546248857,2.4405285530119816,0.46753669933693476,-1.0753134327565577,-0.6909639809352449,-1.4312105099564263,-0.693505112670316,4.425350445458702,0.7327448718308035,3.088404310604536,-2.3808665108077744,0.12348005638190997,0.9293605054463493,0.29801251219975233,0.9332925850046114,-2.286361844212078,-0.2998002495064748,-2.4057041106825876,0.07172675283987683,-1.0450837750352258,-1.4526778380934813,0.6991874218239126,-1.0473109059987162,-1.492722544773495,-1.5416229818234854,-1.8117419821114753,-0.962300698266432,-0.24930626291771593,0.9105631146804759,-0.40029606034796644,-0.8612164188442109
7.930651862678105,0.19493583645623097,-2.6715630803912234,-0.7317951112646286,-0.7668403723506083,-3.792118150911467,0.22856763551302117,1.4654541454164038,3.0226901901912706,-0.8456507945985995,0.7915327039578243,-0.9111615361252704,0.5842645731419526,0.924744428977014,-1.2529445502889995,0.2977289606791636,2.0364457667134266,-1.9163992751579104,-0.5237565522872895,-0.9030787474826814,0.19333402781303927,-0.8284232608038399,-0.4417431231329013,1.2117013676083979,-0.5631789618833861,-0.34315592652707105,1.2686012203668504,-1.3342170161580402,-0.5715518991068075,-0.8530329470735042,0.5269793268928098
9.416157461716868,-0.5901226869381121,-1.576198269981173,0.8536130370029505,2.953105526120243,1.3262704451270442,1.4102214755936902,-1.3267445859584994,-1.9116308319538267,0.1428270408319035,1.4327349761574848,-2.2193407539495875,0.2574871745692759,2.130979482029477,-1.4811365912446315,-2.429105740368099,-0.008570819060512986,0.4947844305147697,1.1319891453131918,-1.4173602241008345,-0.8055149202740792,0.1299724515316483,0.5468692858737129,-1.1913883378008614,-0.22365293357677327,1.4551550230703858,0.28479258741216135,-0.8083479819686601,-0.3112683157659299,-0.6709975643063727,-0.6047248086640394
-1.2653094520826385,-1.2958249650702205,-1.26018084037447,3.418055487532365,0.7172210097709683,-1.0623467049177613,-0.13734311563375315,1.4503978910877657,0.8181365529230105,2.2480896701114568,-1.1246750221297863,2.5602756893252265,-1.2020987392481965,1.3038552494204594,-1.6986447601625154,-0.006870263719997601,0.792658965870071,-0.9548669354962364,0.5881218858568985,1.3125831226378932,1.1248201512576925,0.33279783438733745,0.6607005784133742,0.007443512979906873,-0.5934296008331904,-0.2192698126771163,-0.0028832353506373404,-0.25295498682681294,-0.477200446997226,0.49079285574696024,0.4527210215531184
4.5721589843261485,-0.9435257425130477,-0.13575063169586796,0.3079006037965217,2.2664309775921234,-5.052471525601683,0.22165068553697764,-1.9972369232444906,-2.685978374577218,-0.34005595958936463,-0.6950136120992799,0.827530001779012,0.4176855943423751,0.7164289994160837,1.6656003376851858,-1.0435868627889255,-1.6443474791891737,-1.2770412260391986,-2.0676062095181407,-0.6589971582920838,0.430480787597223,-0.9818499797539775,-0.5874262541823605,1.1882803461002842,0.5764148285142849,-0.04553744390232666,-0.549878975234574,-1.0910522055780905,0.32200010051517836,-0.0388373651913132,-0.1032778550958494
-4.835056390379361,0.8399150964134675,2.6628928642487604,1.1749816597539458,1.3414383033752828,-0.04976929953564078,1.040123735353706,-1.8540435349188964,0.45129315273607723,3.045214162910747,1.9146100877742518,-0.42290672131943313,0.9332910676942254,-2.9005697738412226,-0.6915200184320858,0.08497706246575061,0.3052641620222628,0.9652190917614268,-2.3815464496733623,-0.10822546504154704,-0.7073475358960952,-1.1737514811244771,-1.3151700520301073,-0.21300898859173362,0.0065142906891367935,-0.1927954745454872,0.35464189471826657,0.1291466331229583,-0.3138586646854949,1.0915172458540383,-0.10708106595766233
0.48387547891715715,-1.0916326736513762,0.7563743104416805,2.2977599376448454,-3.356949736531643,-1.7950767639416974,0.43333351036010787,0.0015970741078889768,-2.2189130668852552,3.14654651957306,-0.25836107433632344,-0.23846546715697084,-0.030127709531694306,-0.09095388584867045,-0.8064932906100106,-0.430559932170036,-2.1943871207045493,-1.5108311698587917,2.2034447724690445,0.72055952551822,0.033227379132614865,-0.04253514644695277,0.03363535066104329,1.3817715465839426,1.7266820778386403,-0.07499557259827523,-0.8988812079447216,0.3338874760701225,-1.097851112847016,-1.022920278336446,0.4817270501478662
-2.6463247111846098,2.525288548109633,0.3213755406494688,2.514878605053807,1.6657104879458333,2.827541530761918,-0.8919268622362277,0.34994499752818,-2.0063514842907724,0.33192502020575276,1.1964363711883454,-0.43289382150380956,0.6679307223309043,2.2604412142688544,-1.7771781494826548,-1.2932806077053451,1.1183216114618855,-0.3263977082750251,-0.05306255470677835,0.013125393262469432,1.477593050719045,-1.9424659052682163,-0.6045139777369594,1.8073275103782618,0.12466273311075476,0.9910886719374543,-1.6256511660051343,-0.2857156098930253,-0.09529629341341042,0.6514407470339861,0.2618613213914773
1.129161059325689,3.6978942339649783,-3.4554093918064166,-0.47325685654463756,-1.2275331340811169,-1.5511237346729794,-0.7069524215208834,0.2318632925294902,-2.4419107372998288,1.5691075060332085,0.29993487163703125,-0.32458264385201835,-0.21508584641353673,-1.579786082256855,-1.034371071961559,-1.9277948940900218,-0.767526800202081,-1.65998307386684,0.36515824777455075,1.5112973454433973,-1.372762834101297,-0.33175019418030427,1.993045516366591,-1.4839367569267126,-0.24532279942622098,-0.999295774190672,0.4881873248003189,-0.089173075663426,-1.434880235796731,0.9928754605673743,0.05984453174948217
-0.274572372053553,-0.2756991911090989,-5.02658388266492,2.6349409886191513,-0.5738219281712842,-3.111511412471958,-0.5461005973149587,-1.2516904224097878,-0.58945020806387,-0.4420312404173197,-0.492636781510946,-0.8942913340198049,0.9795260823096844,-1.2511974240314665,-0.11430269868352708,-1.8573509520580762,2.5265635549708025,2.365113495597729,-0.5372981728419893,-2.495475903134188,-0.5230022355094804,0.4537166041362692,0.589101306284064,1.271878005491159,-2.6473491730208076,0.30829433427144953,0.9625399566139187,1.6214807657582808,0.7178835209330408,-0.48010063903378725,0.34792309068712984
9.708980703009395,5.334838770555806,0.9378460378076606,0.08051150285048671,-1.501108436056332,2.43966508417527,-2.5649952640189113,-0.6181153297981457,2.216819410280131,0.49976880255814415,1.3936216550993652,0.6922056642283799,0.11611393676452227,0.9684804350341932,1.4528979359127836,0.7701591421644859,0.18934845917042442,-0.5488529756647637,-0.9837834530182391,0.08819930079968367,-0.24119610650444825,1.3417039878949624,-0.8570685180292636,0.905730515195121,-1.1040957068469406,-0.4120004831282994,-0.1920130279530408,-1.275636543863422,-0.41969672094998123,-0.19335570268606167,0.4460757100489383
6.4875299105238735,-2.8429875020376785,0.061834677336361804,-3.3139283720223607,-1.4685394565553322,1.907569986816072,-0.512759649104689,-2.823333457966796,0.25009841581031605,-1.6381365081999704,2.0156632237590726,0.913121900956531,0.7300035201680051,1.1162971442753824,-2.5159899559143684,-0.6083836344814819,-0.278557525938339,-0.9327585711220358,-0.10407899004267786,-2.3629603763145837,1.8233539945244324,1.091174429577094,1.2430033683887691,2.0027770262671583,-0.033515193434918766,-0.20042520481148685,-0.8323290626089027,-0.028724817779345574,-0.8288883467181545,0.3662803223092013,1.6879780133781739
-7.4543827510279534,3.7748622776052483,0.6578503377162539,1.0909575118631067,-4.4532738250778765,-1.9955804622524707,-0.482251959955818,-0.18885529346438706,-1.1626866683127994,-1.9490607736758614,0.6517423156808219,0.6065935839292167,0.6785685861762639,-0.6729231367562797,1.3705384147706536,0.9814950797736008,-0.8480991186571853,-0.9176918199246755,-0.7005978301793635,0.7458640100373654,0.04717808128116173,-1.3852795884214302,0.9070991190188727,-1.487358892944476,-0.36276760716949846,0.15475422732074795,0.7202113924600834,-0.03511295716701323,0.039099540007061166,0.49756509399741267,-0.34633702179557463
5.519876124767436,-1.4160614632709494,-1.3947587645769144,1.269051539628805,-2.7612121091683153,0.7794282913252397,0.8485305716985392,0.9678225934600514,0.2656725576066762,1.6293439052488787,0.6428589169922632,-2.1474054444985877,-4.16984647628267,0.1316810541277202,0.08029912428520398,0.8496084940053296,-0.4535169280795631,1.7836877515720795,-0.4654921143654718,0.49884617934582404,0.16868872646265576,-0.7824433467237936,0.12176596067170449,-0.2725749236538278,-0.5951939331066907,-0.008117507061085527,0.6613419113629728,-1.3824357162267527,-0.16624673265672785,1.1317101799154003,-0.9180571458179816
-7.196771439304732,2.3735387805443935,1.8320206924390896,0.09694900956037278,-0.3182633640004401,2.852124173311058,-1.4711015710997069,1.3169590538832778,0.9370104102249166,-2.4361172690737045,-2.8851120481703942,-0.32962373171696546,-0.5454072221249567,-0.35461610735603305,0.4209458558780936,-1.0593641710713995,-1.1259191498862489,-1.9193721588667596,1.4200064667504533,-1.9461192077700566,0.12783726840788517,-1.9713352134668085,0.5626838458287656,0.6442546128543268,-1.5909915998970143,1.8002570462385348,-0.7532295721880381,0.07796165321111015,0.9000771421092039,0.38496234514549327,0.1116553115110221
-0.7678369068484013,3.1247552122549345,1.4841818054280023,-3.445737581625109,0.6092441737180715,-1.0548228444709475,3.10904502598721,-0.3882422799713883,-1.1986084817960012,0.6714726543612134,0.04593649984144933,-1.6854089725449555,-2.068658497710697,-0.01456063594119066,-0.45298316235656044,2.1351537471039403,-0.5943964745583588,-0.31953564655912176,-2.02717379662984,-0.2815141599071737,-2.5400657156233457,1.3393280470076705,-0.5994853486200552,1.1785666591629407,-0.5538611000201539,-1.6727746874583191,-1.2148017977518615,0.9809307056287758,-0.4393618598799007,-1.054900287009695,1.105354356346912
12.828249955658912,2.7917094900840382,2.213430135899375,-0.6441470404023499,1.988082854758308,1.7195311366493649,-1.5454786932838491,1.07636206043964,0.547269832040155,0.10549177975439795,2.905729352184529,-2.153442618916281,-0.6928869552219706,-1.161008447926175,0.35404675151214365,0.8585140952392487,-1.2886806911396236,0.6546457386876657,-1.2068534654865175,0.6541660846431159,-1.106122441498362,0.3710774406240194,-1.0532149886241404,-0.4447966037064455,0.4072592700390876,-0.040416252112047545,0.08593285207959331,0.40370833757538666,0.21808290126934973,0.0778276774153684,-0.0015614996424480434
6.827697789857141,-0.7811162649701203,-3.5276676862737744,1.7321709964687844,2.0765736959241003,0.30351129113033365,0.11045834959507564,0.28175771215950235,3.4399387938153367,1.344083232644658,-0.45132015444852813,-0.024849707631506318,-0.06320821537866565,-1.5283957004941207,0.8664028312746699,-1.9013620271405627,0.7392536853477952,1.3755237208264115,0.7079672387258771,0.7598217955032219,0.7495443355549816,0.7686433918044964,0.7036834815270722,-1.516520122484737,-1.3356552315197863,1.786420882020357,-0.9084549958866669,-0.43968857391007987,-1.100085525482077,-1.0649806903850414,0.4643647470278689
8.700083257728833,-1.0072992008483048,2.1436565588956786,0.8609140838519421,-1.3526123254604998,-1.9368871585785052,-0.48366561224029064,1.4437447886790329,1.0368388200369165,-1.0706252642316472,0.06149036874022544,0.021147896289795888,0.6033757385101381,0.32859425518035557,2.2279690567211663,2.8403864524215794,0.7726486404817596,1.1808917639870984,-0.25916409673629276,0.26621666805518823,-0.27680968498512054,0.5363840880925895,2.130801437556031,-1.4305412304971106,-0.368439521772874,0.024043067182113555,-0.28511709626416665,0.6012713322005273,-0.41974776209469117,0.4241174081474094,1.7610216742335774
-3.6779635280312926,-2.0936522623645777,2.846603895513375,3.8577614109591707,-0.30626748008077254,0.6794537405873755,-2.8822814630289555,0.18099287172013206,-2.6926372090654387,-0.9198297548090565,1.0963382291483845,-0.4447458040367047,0.802799246563368,-1.3777693294261784,-1.235856174139114,-0.35410520131388107,-0.42211794684712073,0.4979498300883158,2.1409567433725005,0.2374676306210644,1.3235873302408725,1.2102987038707618,-0.8337326238765815,-0.3121190400443154,-0.5534350835160363,-0.47487806860312165,0.9407322633392953,-0.7753345001792511,-0.38411342978385804,-1.1056419923660052,0.9652558717189204
-0.653246228186644,-2.345071945343792,0.8534167319543638,-2.1800141521201413,-3.003806303082712,1.5113765085849178,-0.18854743248265002,2.688276833468485,-0.18574027633080117,2.4147784996524466,0.7353771963241319,-0.9291466880122485,-0.09534720094996603,-1.1366529584976286,-1.648878574212213,-0.3554257390786118,0.6399563997613843,1.9740098670694726,-1.7210732758297582,-1.969519561490458,0.3557817642441705,0.5592671648643808,-1.1738208511668973,-0.4527092542296576,0.36677026832643334,0.7499331102930674,0.9109955197096065,0.02747831856789144,0.3712201338866127,-1.2415019086992705,0.23234377400607367
-7.446806130473803,1.7094174982383297,-0.7946679385962843,0.5312867519188674,-1.3379895333413985,2.9253803717608537,1.2140801099315817,3.4614371785471336,1.5857816255523187,-0.4136110955247342,-0.43431458274963186,2.639729973566822,-0.02336254897928505,0.2556763778900961,0.31032458567337456,-0.29584569554355794,-1.5111156191391992,0.43196583133573485,0.03564370389846247,0.9824377120514369,0.31548774272579266,-0.46033596415102257,-2.5762304607796933,0.7067149322132368,0.4845732092587924,0.8057070960244922,-0.4075414669832426,-0.9312189980021,-1.0508086111104622,-0.21314616306399709,1.2438703463637446
5.025467760070305,-0.3683503158787692,1.4534189474982782,-1.2491345301375971,1.7387911469669002,0.7994761176593393,0.9088619159484747,2.110534719213525,0.3277552825639207,0.6054727619258342,-2.121934864011402,0.10136594139673849,0.8096154813445059,1.4506095522295566,3.5681659226118647,-0.4966808409681518,1.7210887275359203,0.4296675122285737,-0.3078035099808163,0.7516919651623111,0.6757450803743948,0.30403431844701884,-1.1424979311587928,0.11765384613982544,1.3831893370244561,0.5092221028822069,0.33399752061036264,0.32733458989069625,-0.03307865312338037,0.13106176573145722,-0.38260824771811514
-1.4729457442165423,-0.8669527541119729,2.4135221133945537,4.075729212397064,2.463449573089079,0.8727028368431553,3.098191001272762,1.5516057582155987,-2.3058845697557775,2.229812185648096,0.2696692127838956,0.21084135075374064,0.5672784739834731,-2.0408991528205007,0.8651269723650898,1.105920073065102,1.5364050939532723,0.5577022159492059,0.5948880306905577,0.5383242827569484,-0.9001550930087533,-0.010871483523690247,0.0786704906838651,1.2361156247729879,1.5732235856694323,0.4670827633223007,0.22389700939953533,-1.694262264550416,-0.004281403714419057,-0.732127954264634,0.2844284963875399
4.21395368193532,0.404957745734189,2.796957469866354,1.7857219903636183,3.4474803551460598,-0.24655003685082721,-3.133832001332256,-1.1268274794306015,1.3090378547549135,-2.068314085560328,0.9647206925304028,0.7029533502016304,2.0947464006196768,2.707045400465915,-0.04862449446615621,0.5773621617703864,-0.7787947898611675,0.09248593395799352,-0.4196565653386579,-1.7843247649200005,0.06931883892030592,-0.5215630759428789,0.40615337978215216,-0.007422248940888537,1.8078432980022234,-0.23254043933010185,1.0229058631169008,0.9753061197675511,-1.1876382351026817,0.5501612478231995,-1.2554021939856732
0.026954302801499727,2.471539086300496,1.1234548045700208,0.12878808346977028,-3.1036683045700975,3.9045257277608774,-0.8124242943077399,0.017076228995498852,-0.6207611847570864,1.1613431269103,0.022617804272167735,-1.721892689586206,-2.134478048866356,2.736462565497544,-0.14418351862792897,-0.8749986559799807,3.3112280199097395,0.23183265773903486,1.7231010704048682,0.1474821783585811,-0.3407578614959152,1.9263725085667691,-0.34860022551517694,-1.1065440502486878,0.8533358886088406,0.9471224351638846,0.2867398528482062,1.0461769610393301,0.2718674748437475,0.6470254384385674,0.7819832537472714
7.089919284983787,-1.7964330987655144,1.8023438745949878,0.1755042102176773,-4.045798111825433,1.7865304306754015,0.3532446843210185,-0.20143885419793411,0.9440851844049617,0.3807026513393445,-1.7309813478617855,0.10077035569114536,-0.24074422926902303,-0.9689230573912269,0.11645787903447084,0.8212903653686013,0.6417922057576186,-1.2745590024779798,-0.7420249141056687,-0.4707345608120118,1.5299832612909556,1.2107535425185811,-1.012874467986118,-1.0748142105860368,-0.602443912587993,-0.3906060954490673,1.7152405631220344,1.3958292926489018,-1.0160657770449446,-0.43826920695568133,-0.7902248507192267
-6.197464097758796,1.091228747109003,3.3409906707244312,-1.8284986300089352,2.690020986554414,-0.564016713627863,0.17585944205537823,-0.6519959015155417,-0.968852871516189,-0.963423785082224,0.23567608708240892,-1.2221384025755937,0.7539417227311904,-0.9267048180258939,0.10795818988428822,-0.49501939283638424,2.045316102997428,-1.5640352100407529,0.2427950826534989,-1.4548350758397364,0.7745078918853505,0.8701481997336857,0.1391786812492691,-0.12240347523132293,-0.4829006850748614,-0.1260711059440002,-1.0837051512211495,1.5323906176911404,-1.6767277261798652,0.2784153411655987,0.17448984682189653
2.688758144133252,-1.8953243208639445,-1.6172218513512957,0.2775887146561121,-3.1420391095626563,4.249494136934116,-0.2880245394897185,0.795896305949465,-0.5661731653084887,-2.831298210584588,-0.2900830746078434,-1.6266122299115382,2.4274524423890917,-0.40205083861163565,0.49693929927595726,1.6173646204871324,-0.45488832712971927,0.9446782584493859,0.4254377057006275,-0.47986277894092677,-1.7647235283733136,-0.3271914852026756,-1.057190395334199,-0.3268328770820643,-0.3281221138334291,-1.432985578721434,-0.9738656177053955,-1.4820791275331753,1.1853584962868688,0.9655557700686477,-0.12457632113609816
3.84876327206094,0.12768865438690077,0.629807067899083,0.3693387421731757,1.263037040262287,-2.0343943896777317,-0.39795432231092703,2.377555480547958,-2.4645641876044024,-0.5163736551455448,-1.9564291215317702,1.1138344248715897,2.0995157424382045,0.2461908842607551,-0.6573141594981967,0.9191728910756873,-0.939834771172721,1.5027516903030766,0.3271660012773539,-0.6361538009480134,0.012512268501524303,0.38627705007323226,-1.8765303653215069,1.2976856147271085,-1.063422031506026,-0.5146076328196769,0.017169848753035875,0.6010070873109745,-0.04020683422159306,-0.9357926671243955,-0.35035422711725006
3.0912715592575455,-2.213727688257225,-0.9563835490856029,-0.19328701158837377,-2.2772794169432844,-3.061166972841064,1.4280073388417394,-0.008872988286062599,4.16679148017975,0.7164836633225146,-2.0002698643087333,-0.019095922180811388,1.3365833200157569,1.0360709823263625,-0.5750848833364948,-0.5404124908985445,1.1106225273855013,-0.46183271814204546,1.240970663220224,0.9924083877508649,-0.9827500602573489,0.17093101295133956,1.3270325326800956,0.45650214343127327,-1.4373310359690894,1.33731304190598,-0.423406602162447,-0.17158062308281807,0.6701224890773823,0.5692885072355838,0.3309360885637938
-12.79167843565767,0.5250995525817459,1.0489888771794598,-3.9364653697941434,2.6131440221733233,1.162839565516192,0.6620153922051342,2.7360652859887824,0.7702680495510422,-0.8690300950882696,1.5822179601672184,-2.1628237656833473,0.56962153335951,-3.3792178795077565,-0.08813976052718624,-1.9850958596059423,2.0298972960474546,0.8004352111236483,-0.4242726636777211,-0.41438807162532143,1.233660492095316,1.6605846501710857,0.47905610919402647,0.18168320233097568,-0.6619568933772145,-1.5602188701244255,-0.23561713358688524,-0.4545990887159789,-0.44964036675239805,-0.16965596154740203,-0.29968871539464376
-3.2751274011703853,-5.360923627368913,0.3981687639521328,-1.4331257213766582,-2.8757022844191824,1.582856900485209,0.23004005289144147,0.9684326189177515,-3.6950935191509466,-1.281531433203716,1.7917988791097637,2.825832485099,-2.186144791267251,0.655509719096025,2.6173502961023014,-1.8736003970238264,-0.3840851078872446,-1.719826058071042,0.024588928062964255,-1.659870631196614,-2.5783717269057376,-0.5874925245701755,0.9742875419141035,0.2641958470656958,0.01552973999982608,1.0219928126595974,-0.9668642683114851,-1.525597672238565,-0.2600993682209225,-0.014948375406743989,0.216126273763928
-15.051703493092152,0.5382435720333838,-2.7897781415334846,-3.5641241168572577,-2.287506571325808,0.7849589786224417,-0.48094199899439233,-0.7768562600689938,-1.098761800992218,0.6068092842471153,-1.8641802984439988,1.5112981301269912,1.491573030090408,0.7166260760866836,2.190549524093745,-0.07527781482708477,-0.20194995261449492,2.183024537358631,-0.7413389073548955,-0.19055915384402206,-0.4593941396358417,0.05052355474391984,-0.4296699202274972,0.7879260186863979,1.2904685459315817,-0.0907581964115207,1.67967780364794,0.981774333602277,0.6100544991276717,0.7797360350425745,-0.03625589164898349
-8.149682219177492,0.826359642268471,1.7637912528295363,2.2403834074467572,0.5408775329778015,-1.769788460835011,1.087634766273584,-0.3708759003158687,-0.5151639748372565,3.654961387697561,-3.9239099361260847,0.31362967966167216,0.608601049809742,-0.798886378562919,0.614235455213776,2.063651662214487,0.03746874412307063,3.128696952584189,-0.2459540672747124,0.47446017300490767,0.4816679029553687,-0.9520505663911151,1.3282055137172877,-0.002194228691669864,-1.0460111219783452,-0.08303061613131546,-0.727380885341189,-0.5905892050373198,0.16155138863106958,1.1133615077634338,0.6885656464650792
-6.105881633488007,-2.649696352870923,3.1260510150349874,-0.5245603723919776,0.3898605515143167,2.0019346050345455,-3.979197100208102,0.35550724177608495,1.888746226308434,1.2178548369692332,1.865716089052684,0.3790794486881599,-0.5068590480177475,-0.3487695524900575,2.0750075496040603,-1.6182015748545853,-0.7725944356988035,-1.6584197321504757,-0.8931752258032363,-1.8966643029281178,0.41184185528059425,-1.5991666239715498,1.3836384433103903,-1.5834288031361614,-1.2539198649382075,1.177687626943286,0.08418734181175856,-0.0960848757622682,1.23131041244494,0.03714740005393331,0.07994400326610546
2.463334357566784,-1.260231992611513,3.735337087313906,-1.5535334361059407,0.8633838647247607,-1.9720794969862683,-3.765146726754099,1.1797893649965805,0.40165089758259276,3.033789514176501,1.1033484279035333,2.198813874357055,-0.4969512956559916,3.3806343781253165,0.37445008085209347,-0.18125894390893182,0.833626040065537,2.3930824502819323,-1.6808838676995308,1.053469438277636,-0.30481246442884163,-0.8196619701038745,-0.039230009725229685,1.6800984967752113,-0.8167273627217237,-0.48254157635723,0.7603239166751413,-0.3314830125374405,0.33409071644067345,1.121953052560343,0.10347768631543512
5.111946528941102,1.3550486274637314,-0.8768355065911468,-1.4007850108771585,-0.39826694629227877,-1.524206342469851,0.7631863360358295,-2.2654393912114807,-2.003113799704501,0.7856180819271145,-0.27834058023357905,-0.44069379723902713,2.54816378787942,1.351224493114018,2.2281924062678957,-1.1604031581156342,0.6889525392269576,-1.9824258920972972,1.38960323193793,-0.7788245175176679,0.3454146788560481,-0.9722321622838156,-1.0576463326393462,-2.9986643502981805,-0.36750524361066905,0.5415080614475146,1.6456456819461698,0.8608712169081678,0.9215392373502117,-0.3324813625271392,1.5966176272919452
