PC1,PC2,PC3,PC4,PC5,PC6,PC7,PC8,PC9,PC10,PC11,PC12,PC13,PC14,PC15,PC16,PC17,PC18,PC19,PC20,PC21,PC22,PC23,PC24,PC25,PC26,PC27,PC28,PC29,PC30,PC31,PC32,PC33,PC34,PC35
0.2957447335621101,-1.9439423890751497,-3.573694691330667,3.6576088089227774,1.252783965800988,-2.717556821956739,1.1118028841795486,0.3110281913049714,1.535709489324068,-2.419195991565538,0.6779360027998231,-1.9862508916239252,-0.6889974148943621,-0.6424496827456108,0.4435471809549179,1.442500678077126,-0.8477558185642772,0.2835811944162605,-0.6148994766250919,-0.4405993396410538,-0.3611833542918258,0.4959051836245679,0.3718668916311975,-2.4517286692935074,-0.6551971864531205,-0.31730885700772443,1.2181583710867836,-0.11997801134665079,0.3062654081891842,-0.5907932346517804,0.8316542933873688,1.342620148528844,0.03606248388327168,-0.7573606481351092,-0.7401041365343756
7.683898112685815,-0.9810977461118334,3.5249878919952193,1.8107164423608897,1.9249110596937964,-1.6521955785082387,-0.46351356281600853,-1.0442556638607505,1.2684359675065437,1.3686083510750808,0.5150715213412741,-1.2309272792361134,-0.7795061653717549,0.3727124467236838,1.7084696290008647,-1.7586338322156057,-0.9718411907100227,-0.04307695299191802,1.5408077553105899,-0.8375504050543683,-2.1385785504801005,-0.07328453581877525,0.7820563454372627,-0.2716011680969312,0.1608208652674801,-1.9959759371413914,-1.100456752812305,-0.11711435839970648,-0.6565534070050387,-0.2154363808049573,0.42572351506995154,0.3469824430726263,0.4674200044501858,0.0024207152030920505,-0.23257266715597322
-0.990791764251736,2.6356396658940264,0.23370091429378959,3.426253953309868,-0.6735135804369218,1.6775360016511647,0.45429097096187787,-1.2174992349598575,0.6789197463298294,2.507892455419098,1.731187688533819,0.49214373285820334,-0.5042556178602629,0.8588604061327826,-2.1917294658316075,0.5709890005769214,1.6553523757731747,-0.22176893948023366,-1.5000278612793378,-0.6800462537238451,0.8880126184317646,0.6775324017771992,0.712230138160871,1.311932335377935,0.3422263665734353,-1.2137930627443794,0.40246749703439116,-0.9208873476800442,-0.0350490346062528,0.7643174579475288,-1.120574382450281,-0.43815271920988,1.2059837087247331,0.6802960685082375,-0.1896562468409281
0.28726598995324976,-2.07239268823632,-1.9343289586042094,-1.6909302411806335,0.2248318458924637,-0.8489689505571733,-5.156531883558729,3.42460752353253,-1.423405952078111,0.31314611278129156,-0.17416593115674928,-0.8580286961323758,-1.224649974400083,-1.9757089104520398,0.20591751212865442,-1.0867929274425085,0.6483669693478813,-3.135404273229927,-1.164283481385278,-1.866778152553355,-0.3985537452844631,-0.7823368741628169,0.193455172053629,0.02572442871939795,0.06824831105065977,-0.8654732439836799,-0.6190145008536824,-0.5425475301499955,0.6438652657936594,0.5646833993814073,-0.12844708339988264,-0.22697667708715777,-0.9763729507452696,-0.6674446586840088,0.21393846266606048
1.7209215472088397,0.973696657760501,0.5512640651554472,2.655677083719923,-0.9599430551376505,1.1677430547668117,-3.448733211683377,-0.5707424987198058,0.6502890889363698,-0.31814689872847646,0.9134694183922992,2.3402116603851164,1.789128524988089,-1.2493241098828316,-0.27565811262407897,-0.427495812984221,-0.6214981061177636,-1.2245563283205887,-0.5216856972240617,-0.5607300407587438,-0.6463635063892155,2.2790892848334052,0.47457164752910214,-0.6634637901169739,0.5701699508151656,0.9786782103932289,1.2478011762010999,-1.1272908624432236,-0.8519788349309367,-0.4139020888007589,-1.2461487517219028,-0.8630772182985823,0.43955663304548087,-1.4209587239280228,-0.45726379704218656
0.07016813999136562,-1.464399785248361,1.4697339314847675,0.4855006564741938,0.20231874304128616,2.6065639695538794,0.31805548234312925,-1.2079078246731094,-0.2559871038861379,-1.4557754788126624,-0.2035746448525083,-0.9487883565987261,-0.4652186869400365,2.2197401372064154,2.2355696807988763,0.7548271970428839,1.404935841778823,-3.16392800118509,-0.5954389240389628,-1.413636238656508,0.8747624997899969,1.1404934600067147,1.2433825814864683,-0.09918616918797439,0.8918114259667412,0.31165781050574853,-0.8819068552800089,0.5365831765016127,0.5253682226468618,-0.370919245622788,-1.9996723910776841,0.29944323597045136,0.847235103431334,-0.9486776524287186,-0.08831785889205503
-1.1194139291966827,-1.5492234206398678,3.882654610631606,-0.042871659376493364,0.3995179223405508,0.37687186008543133,-1.28971276192416,-1.7203826414184058,-1.2324563042586822,1.8318195574158016,-1.7831495780547157,-0.01980197424048714,2.237207017703271,-0.23714518601552437,-0.38085562155170366,1.179401149450453,0.6635191819938152,-2.557995321940215,-0.4053611549638568,0.49479032915696525,-0.2837758106637472,0.3961067367068972,1.088753034019924,0.5789014874491263,-0.3810405473293261,-1.2947741649378484,1.7414657200122121,0.924552540815941,0.640256937140059,0.021941715969257824,0.2226497560364873,0.30243969232084805,1.161973204738448,0.06292105072357482,0.5871160611503535
8.814995964880968,1.8242132255947758,-1.3062005547612512,0.6873044418108444,0.6116383615924588,0.9998572149114021,0.9913685017037923,2.7186391704283523,-1.2604780875585544,-0.5090103753264403,0.7561860244951139,-0.09660072503425701,-0.7420293146560308,2.011393340852945,1.0614746826040666,-0.8431496397832008,0.2990185388893125,-0.6053747520184056,1.5305098902729113,1.2828725993925267,-0.3437495020533137,-0.19821225547942675,0.5507848041383365,-1.4333232299096446,1.515376738637974,-1.4170097433535815,-0.5127918512884715,-0.12063734956264519,-0.0475435952412328,1.0214666725291501,-0.023661455800806815,0.795896028306088,-1.8844452851883406,0.6202702735440037,0.9782633111381147
2.479956476097515,1.2606393515364478,-1.665703518837461,-1.7611192231347277,1.4146562746571287,0.12071545590163323,-1.4725168463417384,1.0142381844749047,-2.0963976132227526,-0.49599474169010355,-1.1456004578200933,1.5140496447599208,1.4746187420117984,0.6122753037622344,-2.1593226702532147,1.0938281984735978,-1.4908193109468066,-0.2605428531956633,-0.4026502834860567,0.6740691267629503,-0.18693109173093037,-0.80902089331918,0.053627336769020977,-0.5743982663967259,0.47099527518437817,0.4859896730450291,-0.618799374119866,0.7153458993150565,-1.9178018802370205,-0.3483984875436925,0.9697119705204025,-0.6179856184187452,-0.07125237452674195,-0.2454603694773567,-0.13976314369092618
-5.029715504475845,0.4608217958260316,-3.083824068847563,-0.4527679150603726,-1.6327285102059328,-0.2900867843923757,1.5608768748139221,0.8980274954594974,0.6988504052729917,4.55601686823224,1.484221812824671,-0.9286033267917113,-0.5202724484894922,-3.6384516572074075,2.478229901118618,0.20765222657685736,-0.4014857618306684,1.8834699880909849,-0.17350606407182712,0.4335283078241875,-0.7692725957129892,0.3791471127982263,0.2072913825437113,0.1156967484787778,-0.7487207717654863,1.2848284538992232,-0.7084337040311873,1.674713566983135,0.12725185722406837,0.7772889515193961,1.291168771684813,0.34958885094181447,0.12399896964832095,0.04918536061717518,0.025642352886537077
1.9690252512874342,0.8430166290913588,-1.2597720107690793,-1.9774037969803364,0.5436677111628644,-1.9418282307250136,-1.6711643806676466,-3.196917058381438,0.9974403331355732,-0.7488890419506881,-1.0523493910497668,2.5052758877427848,-2.245334390671729,-1.4953288753742113,1.6255077814717416,0.7211490894999556,0.7837748350450574,-0.22922907317388627,2.1801667390363892,2.311621557191277,0.3176111151381069,1.4606546457634872,-1.183740265000393,0.36025272867701774,-0.7303473024267599,0.9548638300066128,-0.06288461634041324,-0.3515682149682052,1.492182342248032,-0.2397163160667484,-0.4103351455567467,0.04443464160982656,-0.13918342085828905,0.5702254752075324,-0.15815217153992792
-12.67487769869297,-0.07586356320867352,0.7229196765523981,-0.5127806293068401,-3.201355658998462,-2.0542488153814715,-0.9992696352207282,-0.6615568003194082,-0.406653199290711,-0.7729260532651755,-1.2367988880366159,-0.013599397422237765,-3.92916019984218,-1.6649021381520015,-0.5332507886663873,-0.2036190740346558,-1.131622417494953,0.4954015554918525,-1.3828326340404802,0.8123057208076324,-0.7491950123476826,-1.8481724201611556,-0.2902537456101861,-1.8978811580433137,-0.02917201963092752,-1.851363920930788,-0.7963293924883194,-0.4239924062338253,-0.7619627765409214,0.8142479149625249,-0.9312466103654863,0.45700395453235493,0.3193681179753928,0.8766201620008794,0.698167355711679
-5.24465496073,-3.996637121448074,-0.7014664645179847,-0.9532845618589468,-1.1604365172186197,1.7259956413200603,2.3806012205678613,0.23513052442635735,-2.5114247302296167,1.9092238192801003,-0.24961077313864496,0.13959093020796637,1.5202246485792432,-0.6825363838194667,-1.3756077217333555,-0.3365850059564521,-1.0884257560674127,-0.7079503394807203,0.7135380221097813,-0.8776527936373135,-0.05691862733031207,-0.9939343459866863,-0.660974624085891,-1.2595744717540749,-0.6107005125297663,0.5019400299169413,-1.1342125305960875,-0.5426956689254092,-0.4140094428246019,-0.004451366616710338,-1.1457167145893856,-0.7064358929714857,-1.2266790826946328,-0.4022767796126326,-0.2759724756091233
-0.7304730021369329,0.5476703749979244,-2.5044829414500205,0.8895054821055943,0.735870678898198,-1.0273914646290152,-2.40697023934938,0.17339899034575534,-1.1882226743046105,2.5168300797521423,1.043545842222926,1.5530628348420827,1.16819210290662,-1.6757483619790547,-0.0532164113096707,0.39606012054964784,0.18392853231654363,-1.9047474887016145,0.016624810219408755,1.0198228867261752,0.8642428478594195,-0.392790953435691,1.7041782700974808,-1.254304870490255,0.38581255203643305,0.33447922497808147,0.6098216664799984,0.8959977009062318,-0.4760124272454151,0.5980580527058622,0.03908848979093171,1.107052247666079,0.9384525955577652,0.15084429296440907,0.2793377245362473
7.92567200453398,-2.864222077831747,-1.0130846805626759,2.605080565364667,-2.6856416646205474,2.527850590068967,-1.5499491140819144,-0.43209380271850084,-1.0897679380109784,-1.091345070410549,0.9154861609522679,1.3637295346219722,1.0336784373253685,0.4694371460031045,-0.491084761405458,1.429361645417526,2.668249569251278,0.36056366144228935,0.7441794756953819,0.8485052534782821,-1.6376439236697775,-1.3128319720218338,-0.5466115930142816,0.25259457343637626,1.4955522808622344,2.4407882301558743,0.6662479315655258,-1.727442559581793,-0.32952944452596317,0.7129566104583842,1.6697727282509158,-0.4117758292172555,-0.40445533221745744,0.33293142702777884,-0.22540397495622272
10.755149901021191,3.6099080479564614,-2.7749551258185465,0.3762532094059006,-0.6124871270825093,1.4876605711716386,-1.7593269434171752,-1.911111289303556,-3.668473849806499,0.6621626938785332,0.8446821172351364,-2.1766856433362975,2.6870810730670196,-0.021815731054132176,-0.8081377189463296,-0.8232323321402074,2.4582861911029195,1.2315279096602763,-0.2980534874761221,0.2669579840911636,-0.013713052755097677,-2.624099471687594,0.9194257995088603,-0.009734451821086586,-0.19581947159049382,0.0782741549808342,0.34333998243671027,0.9180993693670436,-0.5746670883527218,0.01500835795089202,0.20547244279406018,1.0391510077897412,0.496518963062232,0.455332025180197,0.3805687608384734
-2.176472163701639,0.4771297650341285,-3.5979242428253735,0.0423121652175412,3.2224991075165867,2.6916313413367985,0.47113521621038423,-1.5408795968367885,1.093516561062503,0.3851677417299362,-1.0838559824845584,-0.22586016258691133,0.9850451212789182,-1.2203564069964223,0.45224676791963164,0.7629121544227606,-1.7637884393788352,1.2470051315926762,-0.8861915500642181,0.3244925543466391,-0.5226059329002779,2.122358734879804,-0.25325846985343575,0.3058373787503643,1.5723715083169743,-0.9603670280478523,-0.09550509970607521,0.11759783153265915,-0.6732095477285068,-0.8735152922985121,0.9512948073305151,-0.5630225741958164,0.02618398723935812,1.0076267004681465,0.8549337054350605
2.5415970511789063,3.214049153746064,-0.7130905145092598,-1.5278731635390927,-0.6545869260616279,-1.4607442126379004,-0.5001058628597811,0.6819493193761842,-0.5431960339588433,0.9964777543148836,-1.0286862989084589,0.18272329444941182,-0.5671337168223539,0.5534115291947593,-1.087181111191753,0.6083519727808612,-0.7538657439720599,-0.4315797015649023,0.6938622505955052,-1.1650789330309503,-1.1432922013036424,-0.9969840676391254,0.8092994888075432,1.6323986243819653,0.08186163544609404,-0.13117086121794372,-0.8950216727122838,-0.9353028699913108,-0.949211799638123,0.378718152119279,-0.990775544850106,0.7967924132159894,0.8006835149216249,0.04039643838446795,-0.22042150355832557
3.9180297764418457,-0.6836678888673009,1.5507033336239715,1.7142413312584082,-1.045048034435936,-0.5954853729562912,-1.429591923132455,-0.7349184159004966,5.804195532611701,-0.26074380742069925,1.4770756092445176,-0.4064676824238882,0.41801644413302513,0.9021840785248734,-2.838656933671535,-0.18107210434074697,-0.5126344817638656,0.7905130297435298,1.3217508075526299,-1.023490898864349,0.9844800827151947,-0.2588660717877278,-0.32533544063502123,0.4147455783094286,-0.742875035148321,-0.3090056282971978,-0.11046792563516064,1.2777594064311946,-0.8361001480732053,-0.17500048311983107,0.5108849709405325,-0.06059539767503784,-0.40292593915843894,-0.30395704572445054,-0.04937184250628851
0.16151483460386123,-1.7878661862660932,-0.8253216796488924,2.446348753615725,-3.024861841749708,1.4524533454942818,-2.993693033584891,-1.4324800553502879,-1.9457185826305319,0.10514522358674404,-0.8888604246727155,-0.579390769142955,-1.5205103189829015,2.0974138428465157,2.4053332728424364,-0.986185119792242,-0.21779139949596965,1.1152127054635648,0.8218667175414033,0.956760065171317,1.6971788096184688,1.4184517993150474,-0.6071356786951959,1.4840709474193539,0.055483886526704426,-1.2287861662383062,-0.47426656657403415,0.44105255313169917,-0.9052759678101568,1.1129939140843113,0.04068679190855083,-0.718783480971597,-0.8086576425999662,0.0292737310076382,0.13009666289249808
-6.182504655367249,-6.634352449944726,-2.0172464769888765,-2.7924810976635537,-0.09184650676947281,-0.1251659735491098,0.8668561491899078,2.2566228718128505,-0.7941206500844593,-0.1372509859472313,0.2796142883103899,-0.41394973922216066,0.5397486652199242,1.0457171648620671,0.325573801651492,-1.848567547477549,1.2945442973824934,-0.9403841098823049,0.7950215899009215,0.101050623496758,1.773877274977208,-0.9128356011676912,-0.7648754280385048,-1.7366213659478802,-0.627518847874308,0.7777354488789253,-0.6326571463403231,-1.345590388995392,0.1423040869643052,-1.692707253041904,0.6783341758585367,0.44360232931911636,0.3038833943833911,0.1374893569625029,0.5339017954386512
-0.23443158558257313,0.44370620851265946,2.4768747358331025,1.1225907839272424,-0.3252949021187293,-1.5961004708248816,-1.7334525705945285,1.3910029198366103,0.721584163369591,-0.49327753481635117,-2.668120814838994,-0.36456693982115934,0.8920134635879614,-0.7695116037156062,1.198155602226035,-1.4893674868379205,0.8513579010506219,0.48582461562620755,-1.0702787216042728,-0.9269479789697748,1.1471045686719217,-1.3700775223309278,1.625493085679732,-0.25977682336681046,0.021614808126314763,-1.0653168031215698,-1.6922571400597324,-0.5887139211056059,1.617010984533575,-0.6569576538429194,0.2350917546568702,-1.0067244971555123,-0.889106017714101,-0.05993816676105289,-0.0721239575833894
2.2650167783177313,0.25545590632603304,1.356351633108381,-1.9292067320452655,-3.57760032540912,-2.056605365581833,1.8492007442844203,1.8339528092159214,-1.2492049283940887,-0.31968882046425684,0.9142693327160178,2.5289381246918006,0.5845352859594466,-0.2592748461414894,0.46659977302093003,-1.328375964024264,1.3655756964715637,1.2713127278531045,1.0112915313767155,2.489253791918948,1.6053113831742685,0.7360221572690802,0.4952260908196257,0.1743336750973134,0.2644970068378535,-1.222079312434947,0.03525027206411296,-0.9664912837610686,-0.6779336585480016,0.7721050944706875,-0.3980190470379422,-0.6269417091333325,1.1258389116821121,-0.15837054270543602,-1.255402140324789
0.312404020039596,-2.3381463274644156,2.644041241709569,-2.414485723029511,0.07694943901145361,-1.2996494333716608,-0.8264444645608445,-1.3910675617293449,1.0272177271086353,1.3245568903132607,-1.5169921822018249,1.5054003268290161,-0.11220511858064988,0.7072970983727038,-0.4315920840950714,-1.7894647432331487,0.7702084494828649,1.2727998188087701,1.618329407581083,0.8594959982647836,-0.14619563429076896,-0.7410139459047697,1.790036730504987,-1.723146310625255,1.0849168093688795,-0.5631653376110242,0.8506166038386456,-0.6174448095532763,-0.2632410520509309,-1.0350588884267162,-0.28935455217060824,-0.10671117404539578,-1.3233757072169867,0.15887382738306843,-0.1512271910762537
2.9836656991043373,-1.7229651566259512,-2.403210456251524,2.3119814659003746,2.246983260968281,-0.26092938044216074,2.7919026180147477,-1.5625356352083692,-0.8345652835884035,-2.3137337076485878,0.7544973592482498,-0.34656363278234303,-1.120990643129195,-0.3370980090106341,1.044633745770582,-0.5809434330705783,0.020993001608211395,-0.14628968374177012,0.08625408810158254,-1.1949644067769607,2.9376887235834763,0.03290496351251395,0.8548458236815677,0.7042818345375227,-0.2213372569073817,-0.01685828301588854,0.6855770226849751,0.5503539866844892,0.5573288136257537,0.014834134062864992,-0.5994849083761182,-0.6133386562829408,-0.7238868544872337,-0.33102814486771054,-0.650252883960307
-3.647904612234349,3.530103677602366,-1.797668589409904,-2.747579031852816,1.7818045712554937,-0.09444550143282822,0.24721745074567444,-0.19834768764819533,1.7877659675256568,1.4236162491623308,2.2476726893172376,1.65888457185031,1.8940038614154948,1.1793562501832482,0.8145879432137056,0.11119831927217387,0.1766266071933287,0.5041010637633309,0.6687679337812023,0.35511502811514,-1.01640992259253,-0.40080390021864115,-2.489971673985701,2.0075741869661057,-0.7442079833517292,-0.16913769321931177,-1.0389644775102584,-1.7046735891229607,1.8636935053755763,-0.011500865863909153,0.5453475079069079,0.16433077758641096,-0.18058665764932236,0.6697593782026243,-0.2645854858306921
-6.079921670527467,0.6068128055748125,-0.5222413290192656,2.635992121593028,1.0044071987713974,-1.4067099355311221,-0.7156489675151342,2.208621449015726,0.48772978435967435,0.9159849311233054,1.1815992073325035,1.142543266272187,-0.9133524117653405,-0.04901099135288109,-2.287523752782939,0.7527156881304848,-0.031887819240881035,0.05741738880801089,3.1292546204599487,0.18778146047884056,0.043449499733048395,-0.8014082848640033,-0.6330776196269552,1.6399344517465215,1.1522555492788713,-0.6654662582989072,-0.5797761684918763,-0.501458632721808,-0.9797254874170174,-0.21856284599184667,-0.7804966632410918,-0.7110518098360877,-0.5332001022315013,0.415614262154967,-0.05670646998510849
-5.7384744108505386,-3.0066256213029874,-5.772810594918645,-0.42482250578113523,-0.4106518324607403,-0.2807680744197632,0.7780913653067506,0.055364661864974615,0.3394821335095917,1.1254146540150838,-1.6951280557360227,0.5568793361304326,0.8254546174086723,-0.27031453772860414,-0.10884907939660905,0.12940377287694488,-0.747012293794892,-1.1826941735849046,-1.289374084353872,1.1353850231919687,0.9517950061977971,0.18618761815622362,-1.8985373721257104,-0.48116480657553495,1.2800155021994606,0.5351915884442641,0.11225955689811544,0.08949412517470047,0.3086435820792621,-0.7876968497556998,-0.6752361883151439,-0.38735081815492733,0.5012014985802425,0.2869128309343779,0.028925410818855943
7.97263283901932,-2.3310518706620242,4.477254557499987,-1.370911094664007,2.74548323063178,-2.5502102902334434,-0.5371698640015112,0.8016781456181197,-0.4675354300175382,-0.05165003387836954,0.03064894995460521,0.7133163215746137,1.7182367303677113,-2.5838379017110253,0.7072382158141979,-0.09103509215233119,1.5295231482070408,2.0249934943449657,-0.8514249206802678,-0.5203734622938903,1.808169296955469,-1.3127406399786776,-2.1016406518348476,0.011915742493600364,1.0396687444918449,0.9116482354811736,0.8467382029060236,1.6739834570653733,-0.0965730873678004,-0.3116623269849225,-0.7364994439164286,0.5112370396846212,0.6163002986220978,0.5302538549996318,0.5362087171649788
-4.854802739969464,-2.186647554575753,-1.7498137451786604,2.2337223821428434,-0.42096438173240414,-1.7293785950993008,1.4947143903024378,1.449593208714525,0.30029455920866643,0.05687207802017104,4.9672433142392105,0.4611929862407286,-0.9135835665527873,0.6346335073397393,2.042412005206965,1.2646182404643875,-1.9635233443837747,-2.1561529198094,-2.0077609174641116,-0.41251973639467,1.2671507243060514,-0.5054515436553262,0.8743947135966471,0.13252987620838252,0.2752344652708011,0.28251963540643715,1.0386409780468675,0.13494728358017224,-1.3052844703006545,-0.583275499153108,-0.14260358604910742,0.07826832485274357,-0.7500896145186909,0.2539873967055459,0.21630019512255488
-7.2549682850424215,0.2588010394351466,0.7037947603817879,2.277873330811795,1.6885612982977625,1.5745844733810204,-3.1387166602761436,2.7310517459578825,-1.0825141296650143,0.7430971084730041,-0.9849878921517724,-1.3123877969421376,0.32003734236007336,-1.085420319488102,0.9989796934597971,1.5148971851510318,0.3931722597012413,2.3702672474717232,-1.2640068045005146,1.996795575970758,-1.8958557547492823,-0.5938016591407262,0.9370390468426377,0.5015061649223332,-1.3353327068454743,-0.3832650166860384,0.7053155641708845,-0.4144207695522483,0.7417447874661013,-0.018769138589963312,0.4232226784535948,-1.6715238527399507,0.08664303903074302,-0.5600795887129231,-0.01243263041711094
-12.02846685527474,0.6085032330690272,0.1351640649726115,-2.4483227889480013,1.4957478041040604,0.6528562857873574,-0.5517790628916805,1.3430895085647725,1.2213817010377452,0.9032602465096362,-0.5781525096812439,-0.8376311133786896,-2.114516075323743,1.8781387166615273,-0.6740060803695271,-1.2487148265112393,2.0508774712613813,1.284151693544443,-1.0599635819329263,-0.6186202322241808,0.4731283943851805,-1.0832166943800625,-0.0406690070273598,0.06206388450185566,1.4102227155424758,-0.7153877948009354,0.4964571187631056,-0.17620258954293685,0.0479868757631366,0.148476012781,0.6531076383122606,0.18510261798879268,-0.907319056443522,-1.8197733239776726,-1.2378158218107127
3.4647091280437317,1.1414405829872976,-1.0260717656216283,-0.6578552638741688,0.06591089018379633,0.7719139250611353,-0.9214847618858636,-2.29320184190202,0.6471648581482785,0.3231231718774777,-3.253209176321431,0.500027675416218,0.04427236882584633,0.2147528128632582,-2.1249787777383307,0.33867281745968786,-0.4338159200906864,-1.37594132842213,-0.5624198738121097,-0.7334898956365019,-0.6291879417727212,-1.2711815293627202,-1.4796678216066843,0.05559033251732592,-0.14694377965894623,0.6126237563781359,-1.1853570425163813,0.8071495896771569,-0.3743841532404106,-0.0724400064295018,0.7582505799785815,-0.02581810239835874,-1.3560968808877942,-1.1102439401168187,-0.8218048440453358
-1.3775062029899712,-0.8843457136579965,1.8663581396636857,-1.4166329194266398,0.5817587753240474,-3.4030298832394426,-0.8481614971881984,-3.2632893082469883,-1.0278167096418556,2.16910314736765,1.8732207671968133,0.7281529518278292,0.12775190063727243,0.20319172650145628,-0.18260118699732866,-0.8363074705356733,1.9403810592723778,1.1573528980404046,-2.0226706668189633,0.3357292973925035,-0.1041825953596314,0.6896972322087466,-0.3391924235839448,-1.3198127799775314,-0.9362624902023778,0.4069741014184693,-0.08548641902111077,-0.4212908438151893,-2.0088435205706756,1.1782380040900202,1.7575472819985698,0.31524053918707373,0.5915576210936115,-1.48762976422666,-0.7521678059130691
6.755111933822283,-2.1915191902256104,-2.8999744113676154,-0.23968298733437796,2.210205340459951,3.1774278385926906,0.6457724774541469,0.06581049400346875,4.43174744252892,1.0837778016350847,-0.7319223487496984,0.15945264181200158,-0.9495822419938195,0.13515656643921437,0.7217885441464308,-1.3599159593896504,0.7476434002036119,-0.429454475521327,-0.88947537654938,0.7316749420690137,1.036508443538583,-0.8997186541272469,0.2582400837533436,0.8432173863246778,0.8156263980963558,-0.2863289293482737,1.3027225394903863,0.19825592147106466,-0.20672430958809532,0.9604685577906059,1.1834061260415007,-1.5840413781204183,1.5836149884835522,-0.8975254560376112,0.651235555050808
-3.320472631922704,0.3203362171994989,1.9930710076670417,-1.7815594881838044,2.0626289337653763,3.8783218055039286,0.9100388575115009,0.5424460720679706,-1.0338547516227514,-1.8637331043416776,-1.2803267781405914,-1.457539824347116,-3.0474248334910694,0.02373655888131459,-4.208231684509441,0.8410841778828108,0.07804992944663142,0.499146177117622,-0.41486822245558574,0.863375054664441,-0.6098846436624298,3.4646823504612825,1.0086442145287389,-1.2491692942234682,-1.1960001953394441,-0.14371798468996122,-0.1926905595876517,0.3308053184970808,-0.04396588526222748,0.05009720290431608,1.0103183601311,0.10742144090648577,0.4769855542422147,0.29317137220377837,1.2119112387400457
-3.5832209484118223,2.451542306182528,1.5087623789422175,-1.78582049988363,-1.489554681184211,-1.9858555158539644,2.128939762149597,-0.8232032956602751,0.9094537207294455,-1.4179491786322458,-0.47968250534126267,-1.3332870912627866,-0.7995691210524948,-2.438612677435397,1.2035534209908252,-3.009536308990394,0.5043396672816844,-0.23154878651364533,1.347596620252926,-2.2902138234400002,-1.4921762129672895,-0.14138314068140592,-1.0268797710839526,0.7741570213078752,2.113390964387727,1.3158521925362427,1.517325904202422,0.2974871807490749,-0.03884059780632283,0.6500291220028077,0.6243892530302856,-0.5530399259038354,0.049667951934346255,-0.9039036568587343,0.3585073151044004
-6.19522848151064,2.9100669210048977,0.04018764523068309,-0.08144987552665235,1.6381230259207955,-1.8820238513261105,-0.3921893469266715,1.1200487572162219,1.1111367525038827,-0.02686192815269832,0.194312819848249,-0.9749443225427756,2.363925620073694,1.2508139316663318,0.9069856986373176,-0.6717489550517393,0.26272871849131046,-0.16838360319187162,0.8343182328536218,1.651248672101295,-1.1514814560260354,1.5057111892743993,0.6933379577586704,0.3032261302609817,0.188093232586828,0.8209654229665673,-0.0573497875165815,0.8464354469640664,-0.9863678888777591,-0.32311352482557754,-1.1364733924369401,0.62543770772391,-0.5423822892352261,-0.0598364021324039,0.42428685656856885
-4.247152139601868,-5.763384788145041,-0.6248430945278873,-2.6230961077322257,1.34507516234791,1.4469158236345665,-1.1876585366655026,-0.5727059053753445,-1.5494494173898918,-2.399888221925701,2.776902752924374,-0.7984628008086688,-2.0461407125064484,-0.5118317785103964,-0.43709251729735654,0.9787776282744443,0.7181756856503166,-0.15925589825835024,-0.5514772000922821,-0.816505886893385,-0.17947242204698088,0.04179883968239799,-1.4427722328180708,1.3785938798737865,-0.8463910184383823,-0.6189521489242202,-0.025174254657494118,0.29145014479958403,0.1361486534210336,0.6870799224451372,0.3922723249969713,-1.4253822971090935,-0.6852730073048989,1.3513964443321913,-1.0541248812800925
-1.808487043219181,-1.7712626864517422,-2.1891440512135496,-3.0459746996335895,0.2359952573604212,1.5096159613454472,1.0339972874889563,0.4984553612272493,-0.0351634363139005,-2.2120644577361124,0.2631830204974301,-3.2181583186127996,-0.9877712211599128,-0.056561265813716954,0.209660482613228,-0.9247288392060946,0.8508602482111349,-0.245052966538791,2.2154872797467626,0.3157116632946139,-1.1413100602362114,-1.3652296738601621,-0.81385462373528,0.3228767958678389,0.044970128347044495,-1.0375743220663172,1.0378596802518472,-0.19809534412662186,0.1009795924325128,0.6952131439621044,-0.9647074693907405,0.2546345669335593,2.274737133351737,0.10419096217566438,0.28501460327723627
3.0911384700064537,-3.1567683780785476,-1.7970966966424673,1.3389372078549895,0.030511535432462267,-2.2158624074935362,-4.18167578278228,0.4972968501692667,2.4104938140389187,0.5091672974742638,-0.6376327810194897,-2.2240869846270868,1.043503761559997,-0.6715304146706736,0.3828905381129552,1.2499031940183312,-2.0031564823619488,0.7642800164548182,0.340727754194677,0.11976055822146504,0.05316492123900596,0.7606663129404481,0.15780308563184747,0.15906563202044896,0.5821996427795081,-0.806616185695848,-0.38403059609955126,0.5201216344957518,-0.07118000444966167,-0.6037519531579059,0.24891389830224486,0.746336582653662,0.024458968321444823,0.14691563515685288,-1.2300396849068587
3.310357598767812,-0.6902619221827134,0.6052284884134634,-4.833751317473466,-2.5173600191508756,0.8109613726571094,-0.12657292005332,-1.2532456734429427,-1.7030357669442917,1.421239042714776,-0.37830229131510146,-2.0769054735043935,-0.6957713157589,1.7946400166930752,1.5363350274048135,4.39101894241519,-1.8921323826600485,1.0080393302330763,0.334589978729782,-2.197540851232268,-0.6694752622205143,-0.4596208669028645,1.1853129126202686,2.0001850697331873,0.8400387324565297,1.7280679317671754,0.31239704675488583,0.11647225144125933,-0.5268170952905932,-0.0477370464630848,-0.5689690912546628,0.3127711633796153,0.1651419191480201,0.0006860063092036411,-0.9473354875533054
-2.4550352230177315,-1.2929543337666614,-0.9722673332416136,0.9158393482479333,3.551397788918297,-1.6729023382768662,0.7877160597091636,-1.8368007654405736,-1.203931515183236,-0.8835263979693675,0.7540851979118919,-1.6279735379592393,0.051504069214630126,-0.7062892769150928,1.1433384044342947,-1.119658818062987,0.39300646715890414,0.39988100741536947,-0.010887325488396058,1.1200854101099436,0.2377042619519545,-1.4852797861742217,0.33955641493831273,-0.31701954163075813,-0.10729765385915746,0.4085246798536393,0.8409757313674666,0.14350472779534362,-0.46772023257506856,1.0991285741454848,-0.7027744423384366,-0.11724722368249503,0.016244219926653137,0.4535947157400703,0.942726042921369
-0.7628277664289383,1.771964763383783,1.2939755514542126,1.2676649187319955,-2.4217657810043147,-0.14144550518214954,2.4161626929754303,2.1318680681021354,2.9818544282266446,0.42105097800448504,1.713516180991,-2.0159589168111043,0.3403792370233715,-1.8553547276458309,0.5286146056517407,0.9789692300542298,-1.4129533186291252,1.7531821958173095,-0.8360123259459856,1.3219722597666856,-0.9960076543620225,-0.39532382606895283,-2.001720532151087,-0.9655028110554625,-0.07221782998328713,0.4157522697791198,-0.7710803359086466,0.2509037675533713,-1.0713095107172417,0.26850163219424933,-1.0263477555234648,0.28816079348775053,-0.6726393930784781,-0.24293901909288693,0.5003863624376785
-7.414534632195187,2.7449342591835997,0.2628317058564639,3.5018094744631743,0.4846303000125688,-2.198622160367184,-1.0576459584954694,-0.4924154613114788,-1.7655882986961309,-2.0579510160836727,0.2200754167590947,1.0386873727884451,0.2710429453894636,-0.5253462442381672,-0.05536036851165772,-0.08787286035910324,1.636569255272175,-1.5008670136995244,1.382892041567673,-0.8368559782557213,-2.7442872787946686,-0.13913724140664377,-1.04456808969353,-0.9331907377211812,-1.151264639731015,1.1370282392240383,-0.486267926118169,0.261035148896707,0.8240412859392231,-1.0419622093252112,0.14317779226463387,-0.5833513704897466,0.2634665192490316,-0.07313911842667926,-0.7874586034656148
-16.38697588806229,0.7495171367717364,1.0047750097607266,1.0974525085818767,-2.4856423590697783,-0.9227052283791387,-2.050080184950022,-1.6475232576769143,-1.5032436013521762,-0.4713861356379652,3.201893183574481,1.7916993629075118,-1.1556517321606243,1.180978666860006,-1.650885007807009,-0.20712219191106623,-1.3133780692455286,0.9355869592812808,0.9635108369301145,-1.7456795820471411,2.501048046884995,0.3924081068449477,-0.31035466276641493,-0.30521755580898463,0.23651326307181908,0.3568127539587449,-0.5202715871225014,0.2714308680030482,0.6157084070906993,-0.5030342620841429,1.6274006240574566,-0.3477686543321569,1.7945183614363376,0.2901604407558966,0.4883502887969207
2.5435963952036476,1.8835938266184016,-0.5173452379670237,1.0401360143942335,-0.18023917957794156,-1.0528065963331952,-1.3684057395816795,-0.9187399761447422,1.4090101852735086,-1.565623273668473,-1.7883391877349413,-1.2085255084282929,1.530740786510082,-0.3033939379056372,-2.1122632916664354,-0.6114594748297435,-0.7519262185341103,-1.1573623502102546,1.286325177030351,-0.03133271960857077,3.0368223102865053,1.258448323110116,-1.0621353536568774,0.987390020209256,0.47786974895203105,-0.2442780684663421,0.6545904571750759,-0.4307619627591922,-1.7648199940307916,0.8749531062374899,0.4401467813618215,-0.38735809753520345,-1.2614471396525138,-0.6517673050901728,1.2620060459179074
-5.889928655654206,-1.4453286901907045,0.5171184423314321,1.9063933794164718,1.5420600303362224,0.22960252168126252,0.07680457971963554,0.09853592633669837,1.485562400088428,-2.501840284894275,-3.3253194912097905,1.1415261079568937,2.5857984531005282,0.3745449652494354,0.09297950907276974,1.2643506673203815,-1.9690086077430375,-0.08239710258189775,-0.29627786963573627,-1.3148969506428296,0.6421311057928983,-0.9827243620348017,-0.4576104893852353,-0.18372149395041848,-1.1182594894280895,-0.23409585076945272,-1.4636899580389684,0.7875416626156576,1.0981799177910476,3.4849394475963753,0.5060779182246098,1.35604971729409,0.49985710222484103,-0.45227637893697276,0.2962659386935311
-1.4212969848526869,-0.41413470445843686,2.385905792747622,0.03750115923684029,0.1773821296335022,-2.2333032489930544,-1.7445573314816532,-0.8304883148741673,-0.5164012137893054,-0.428819925488977,-2.885416767311398,-0.18775275348654114,-0.6350605353542847,-1.442730619893225,-0.08192302662863031,0.48638927310222113,0.05511499543594797,0.30267886798386684,1.1336536075815475,0.07382079651800963,0.10888435301521925,-1.3014959592693374,-1.0976339861972246,0.766288618743862,-0.48599388008931765,0.43295528452294524,0.20808757101487127,-0.3643573044409061,-1.7693761890292707,-0.8419002731865443,-0.1819666925657185,-1.3487818199526285,-0.03490465371016239,1.035515214531419,0.48867448831067123
-1.1789631550493889,-0.26546860581355325,-1.3712273561312553,0.908534064252056,-4.275430928608895,-0.024468174120191363,3.9691472736731632,1.6640873849676234,-2.128107075704609,-2.4928716035416794,-0.7851304233519039,0.6831221328841484,1.6873277686171708,-0.4866318631496704,0.1289239164493838,0.7279643644208388,-0.6815680234129436,0.90974498218985,-0.45789286915444366,-0.050397564022061095,-0.4881012595030251,0.3975530766490197,1.4537685243531477,0.9831777043788824,1.6917209558938762,0.45133257983782044,-0.9488049725000807,0.7058100757903351,0.036735572331250854,1.042458172591778,0.4379935811340414,-1.1389195179263454,0.18186476618496825,-0.13781924593421988,-0.5316276852978923
1.936909561269631,-0.40166418014303806,2.54047946618874,0.46997597455369106,-2.6392826885608156,0.4546583469276707,1.1960608602002412,-0.4021639294408328,-1.0421805283449874,3.4026337155810396,1.5200943087629035,-1.8232343942746783,-0.380820421441822,-0.9924610914193446,-2.3190081268238445,1.305996815155163,-0.7519733610492929,-1.7197197265997255,-0.47357012175456586,2.033167173594827,-0.19875596651883456,-0.8306247936274423,-0.3350442886465316,0.004227766259128203,0.30409242136443426,-0.30132840259461624,1.089567423333521,0.8299447912378128,1.8022138719128196,0.605400020661511,0.5182410521738092,-0.4452089955984529,-1.2531312722422778,-0.8852245047193936,0.5448376028817631
-3.418944767784049,2.05736742642482,-1.2583720908729061,-2.6330152017612867,0.0070402304226126,-0.938757543517179,0.8389240898728477,-0.0775251430665477,0.34864179059325445,-0.2676935228055818,1.0251470825601152,-2.199230790741977,-1.3111989340247985,2.808711088460496,0.21081581173139585,-1.2128471194548123,1.0928306967382049,-0.9178054398091601,-0.2701852116692137,1.6781599548472177,-0.2993398639801987,0.010838143816186965,1.3178380220073231,0.20311195421678904,0.03642586692755255,0.7387049848699843,-1.8518794561080412,0.6813564191361833,-0.028284395755361503,1.0152607952863655,0.3601413282327895,-0.12307362799585111,-0.28047696848045733,-0.9940956122308159,0.6529010517507815
-3.357481268891556,-1.1385215640874369,1.6999659316493612,-2.9845243486469855,-0.24441296925116296,-2.100344888139253,-3.6316408436135994,1.6395592393647103,2.345423163449102,-0.8937635652356394,1.6369561004353683,0.27842711677066656,-1.34163105770501,2.080470801389103,-0.6606423149518318,1.1561325451302467,1.04921742293316,-2.081069488134494,-1.4616861648082506,1.4352818619432137,-0.9694784138284431,2.3660531568397363,-0.08634920402608671,0.14452757103733765,0.0012145287120052678,1.865912340775279,0.11598751694126179,2.184611611736042,0.08883290701169347,0.058771389203318015,-0.2834377676225063,-0.06865622376827993,-0.19887233369371088,1.0733792712229917,-0.5019516362642942
-1.4205050402021266,0.04996199163253855,1.516271335395883,3.7196254724750992,2.0513039744542207,-0.7338878475159665,0.3117737078919539,0.5972589577355358,-2.496741344220522,0.17457544597576352,-2.102979417573241,-0.4159525730276872,-1.932703389545365,1.7236571213125864,-0.15702158245746595,-0.47924485552886875,-4.1659561925210316,-0.722177175461041,-0.2713812923439445,2.855149426714093,-1.1155938514862174,-0.34304592952658225,-1.3592643790250878,0.2642693182144871,1.6437340624608705,-0.20197500080522254,0.9587589047104703,-1.6189323421874315,0.5525340375926312,-0.5033067564023014,-0.24247395473621333,0.16772092127311192,1.0545096546506716,-1.2529090223203685,-0.5009390220532605
-2.310890696527231,-1.3913541681983075,-0.295825379356622,2.1958161432439485,0.3410507748016098,-0.4762994604202171,-1.5313476564995814,0.08309821866799456,-0.5586058856079725,1.245845714194286,-0.5875192307713571,1.7951070576667851,0.9222149956021466,0.17150780380770478,0.28484458954571634,-1.3872071825834447,1.51791839400939,0.544665527635348,-0.17938419068880843,-0.5511318032316783,-1.6905580975181687,1.006637260473635,0.03270719614463149,-0.23063679454298036,1.1134489634120224,-1.625368776014285,0.9695107989409315,0.7352655809136328,0.3962035333220427,0.839686187512175,-0.8935012724425724,-0.721160612837578,0.05741724207646109,0.2850960546388263,-0.46898992134150086
0.9818016874954114,-1.7027651793720753,-1.5853395560649894,-0.7793416868953091,2.4982727457504055,0.8293299307942962,0.2566330372863554,1.8758380661728196,-2.3605095401059115,-1.8631028312031503,2.2744681568795393,-0.2779007865378126,1.956658566728358,-1.3568723534558569,-1.9388687265253832,0.5998260278971612,0.8360914701698332,1.701916637730075,-1.2606943821342953,-3.2516473854379533,-1.432817899529211,1.2522544722778446,-0.6829192534599382,-0.2568178015369878,1.3736690218903254,-1.396249242762419,-0.9762172297099144,-1.1802380575771676,-0.20549221538550036,-1.5420166194935017,0.07578397917816955,0.11926089891813553,0.26801462641755075,-0.3939019757890239,1.4129584518071943
-3.8030153278607424,5.355260260176522,-1.65004561619119,-2.329877368897644,0.6958695433629482,1.0983372311240684,-0.840872609994133,0.5421167866578837,-1.3971740540273196,-1.732567362470666,-0.9001419660717098,-1.9618478310045273,-0.2768924946558913,-3.316295227678632,1.4929190287937206,0.6958396976905472,0.7020644113243478,-0.6546864229442068,0.19470579042381975,-0.5875641464393037,2.288195153499728,0.4399201993123948,-0.4885520066968646,0.9894129038161535,-2.0245303588671093,-0.30743124959926876,0.055598766016676654,-0.2667324396350449,-1.1029046200185675,-0.017942611957517222,-1.311262634650235,-0.6953611368470662,-0.03332428926063504,-0.11872637361676401,-0.07334535271785586
10.847761427751093,-0.057715491725743015,2.7982073468307576,-0.32720256367522205,0.6347208747096019,-0.06136338674731007,-0.08841646821034711,1.0955973240202457,-1.8923952835193747,-0.7078243598689565,-1.2092437242607057,-0.13807531255972802,-0.7221426354072366,1.8896429491104876,0.4372242191036296,0.850311734423281,-0.3389802322981938,0.5018067593211213,-1.3030756226607847,-0.12725670690909283,1.7594971374408475,-0.24052353769805768,-1.6034549242323857,-0.3255124860051201,-0.05484803082567346,0.9812377546083106,0.7233465867734532,-0.5432185731922208,0.3530378926662949,0.02091001251144391,0.650652072967427,0.47480869377220186,-0.33362449957760243,0.7313556955745815,-0.37774283793045516
2.497879665283601,2.046806971575812,-0.17494239697448757,0.15377655631018572,-1.412259034985846,1.375390740849852,-1.2995198224747022,-0.30696863790677525,0.5620026932569102,-1.0159350202504034,-0.4058384204559156,0.5678715048761793,-1.3153092653078278,0.7677691238182461,0.8201555657181356,0.8821330855348253,-1.1529737649388456,0.9812792969390607,0.89168563510466,-0.9789336879466453,-0.28991746938893864,-0.16070568608123154,0.0753945133643645,-0.9964306068454998,-0.12285333494122766,0.09204674241303211,0.28139608230650526,-1.6181018676277283,0.5019737665126373,0.5095028769891848,-0.457458840590583,0.5370897110260741,0.2522190739802783,-0.2545310879893041,-0.4420791834595416
2.0080661419343957,1.0372947614410608,-1.902434914111499,0.3157990108395085,2.612644909617524,1.0563550940771207,0.7219664877844628,-1.18440286530207,-2.626041766640731,0.2741711818094312,0.03593413257679847,1.3762771536325047,0.16074145270504622,-0.16155927459391192,2.6597492709387427,0.755724881066018,-0.7323995662161611,2.2638993003852224,-0.2994305123983707,1.5478820130381368,0.3868796700032006,1.1915602045973062,0.21888368674818426,-0.7595516451773069,-0.1796214889896737,-0.052818102894462086,-1.9111729683226084,0.0371773522777278,-0.7627361955567559,-0.6546632337392444,0.5710678573275494,-0.9221195150980215,0.24854213784267518,-1.0306948182316327,-0.620337659381104
10.729993628624202,0.15385802279885233,-1.895449088677672,-3.5899557430693445,-2.4111804653516082,0.24147447743361045,-0.082728281004654,-1.0199240303103552,1.798219929034102,-3.0382559918874836,0.8146474524777413,-2.147358263202704,3.331834279471484,-0.9596273941621181,-0.9319785122116255,0.583237505071404,1.0499746044833287,0.23696155107761868,-0.07253500779386779,1.9890089346164446,-0.5702999527214831,0.01687218065915783,0.1197432321246303,0.8516487863976758,-0.14029937573846485,-1.6019387324492949,0.4101940622067979,0.12446646516077688,0.10321902228235948,-1.1884337156946865,-0.5117461002174475,1.1615124952830713,0.19489731444861758,-0.5407184395898479,-0.9822526873431053
5.81883945113732,1.5613498510362713,1.3798516629013209,-0.3183087251735757,-1.825798642867464,-2.457464160820897,1.171408774678336,-0.050990371803852644,-1.4318678100444147,-3.0416622859089175,-2.0615383585937845,-2.6835241317114527,1.4642130292013267,1.0824815663413216,-0.018030923098644167,-2.6958098070141383,-0.2492005216193239,-0.6666691667231542,-0.681977212013976,-0.0979728711243453,0.2956137974011699,2.046757175960153,-0.04894502724763493,-0.8514451225845212,-0.4133292243260517,1.0624351329204524,-1.393509232539365,-0.5994764458451034,-0.4214207231409957,0.613350066529797,0.5192751202600836,0.15218666023490038,0.4303489469966537,1.3555837758072093,-0.7340899966675466
9.275877836232091,2.663142117757963,-0.746003570129091,-0.9751077612736456,-0.37476339589465923,1.4982960474571496,3.2939588413921035,1.8538151775540093,3.2069505894640646,1.190131150057483,-1.8510958174298626,2.3504043325040396,-1.3633696778867057,1.0166738356315796,-1.3122841649479748,-1.4209198852658436,-0.5945439996347751,-0.5142732464242303,-2.318284770192914,-0.7889185991669241,-0.5470261669493212,-0.8131470358661717,-0.4760768750238887,-1.4653914864508664,-1.9242699994726522,0.07142902328774846,1.6158280110480527,-0.7444748235157955,-1.3853343887674119,0.14258735450536797,-0.1737864446484773,-0.8242959669075636,0.6067104469082846,1.6723614037291803,-0.8809421294277932
7.50147673315917,-0.020871934284447172,-1.6561920508742514,-1.4609348428935813,-2.26779358334915,-2.2750248777317847,-0.11268833239457697,2.4605430848411953,1.7168965192569883,1.555367979529589,1.1383662342207912,1.2086569275982857,-1.1578257041784161,-0.5393336444903856,-1.3004622862977797,-0.658678504230646,-0.806702269809315,1.5434641746101694,0.06365911857874436,-0.5031748578289822,1.5237481617962785,-0.34858112428643445,2.0312350527297705,0.8258416865108631,-1.0574768710977294,-0.5284289032624572,-1.822168137489035,-0.9490787369764957,1.2623034532290356,-0.6322775179174458,-0.2827304757551508,0.07357177239583239,0.9207468848396576,-0.8120352700415312,-0.22606907550430527
10.029639156626573,-0.3637354161986465,-2.3699367604829584,1.0181554235148875,2.758854230959308,0.7725029960493571,-1.4451605299107635,-3.588813667165295,0.12328067912585598,0.5424012730355047,0.8597288941985929,-0.1692054444986828,-2.3338272784781604,0.4553695924666243,-1.731443615829347,-1.9925877118519801,-0.8535563206057801,-0.28880963129310483,0.15458516378849546,-0.252639962980756,-1.8665216687948731,-0.47704368968516714,-0.6549381120701634,0.620096285279087,-1.0486854815455688,0.4164009875882218,-1.3120502326483126,0.6940688009506172,0.3756533929677172,-0.3784790543301919,-0.35826080878760275,0.1820719407609787,0.5768444212573236,0.06648820545359645,0.48921622375636614
-0.7383424871257533,-1.9616980412931841,-1.0165301435575231,2.691811592620436,0.6245920494352286,-0.7335857978714518,1.6738203876891486,1.744104287753924,-0.0758681172389981,0.2618882529071743,-2.770624337214336,0.19490212574641835,-1.2487459590350656,-2.728246265420468,-1.9209764795706497,0.06745957717853851,0.6659882871489996,0.7700656659191757,-1.0547442996130894,0.028047748560891112,1.4076028762730237,1.0518451263362154,-0.5149493545210864,0.6521756569692632,-0.22396164617165554,0.637309672844825,0.6561363335104488,-0.11837747984223555,0.5145570883633709,-0.18410712679182206,-0.5109786212644929,1.641242702292573,-0.05651980844363739,0.17085953790258837,-1.1815084960995939
4.245669943680882,-0.3503901282778664,-1.496780475182374,-1.6690844155222246,2.179931728639948,-4.585377465974573,1.8670774650196147,-2.914875688065376,0.5043440931320619,-0.6984065214737086,-0.8160180843237118,1.7158177169286317,-0.11763232034918727,0.769669014615138,1.1085717261335413,1.617104450452955,-0.8700019071406744,-1.444524882420993,-0.7997727108311823,1.4357110300481566,0.6358198871061785,-0.18744351047023075,1.3667805100021102,0.1160296499325902,0.004004884118009241,0.3574065242048077,-0.2923908116038532,-1.447562845875051,0.11974744973928775,-0.48806651792680483,0.48336309048513776,0.29764726397328645,-0.11116281874537316,-0.0243596416465773,1.3229572353136516
-4.8125103085027305,0.5052878031512816,2.0684677265817353,0.37841444860176354,2.2616725779588185,-0.17569896328594334,1.1570102540923586,-0.8632937922918542,-2.4552798375584577,3.3773022655388134,0.17682364657735353,-0.964894707033541,2.042377205765359,1.0527691349187285,-0.550685551628675,0.6325425074131451,-0.25373424847733983,-1.8783003908744194,1.3027456760092893,-0.708303848033986,1.2867984463274362,-1.0743886388825006,-0.5159757206510579,-0.21083003788208735,-1.1940277101980743,-0.22305583564450773,-0.2941252098877101,0.2789149862800597,0.2491053750211392,-0.2504594772928588,0.6896809386536908,0.7827800864103279,-0.1794680113398971,0.053318045339318214,-0.43390748662710693
0.08687892089848198,-1.2130471120652577,1.7163289989193382,0.999803988277559,-2.003983039488247,-0.6400138010540233,3.3008231627253655,-2.158857428806746,-0.01311757632503944,1.4249511570147253,-0.3152864648065099,-0.5839289784993836,-1.372315649476058,-1.0330185484138392,-1.8644625847054288,1.0442187173070665,2.2365867841849534,-0.5812023015895386,-1.556138074363679,1.0225672309284524,-0.2644630964410333,-0.31979233531024054,0.7823809473710145,-0.4761409542698487,2.443888644286305,1.2567834615806874,-1.1480192407951622,-0.8060381756988131,0.22692238716270555,-0.06609444372172141,-1.0174056804698008,0.26551579847100615,-0.36007261855789374,0.7654669647375351,0.03181510765851972
-3.1092768128836443,2.7149862987325073,-0.23181615515953335,2.85281295262722,2.6800879826180313,2.0667665646348845,0.11358385136936182,-1.92718591482541,0.6298538344846085,-1.2974670609331571,1.3241958514809549,0.7668916456369195,-1.3546043085222228,-1.505326712050753,-1.0790332294242402,-0.27424623255094854,-0.21535927470252778,0.4789159179917491,1.3637888022282347,0.6100949419331309,1.9206096494015046,-1.0058186635130508,1.3156893236183143,1.4104018748027003,1.2661283019965917,0.8210634513013677,0.4582593900374914,-0.38018070108800767,0.654704515358245,-0.3247085072417982,0.11742640664951759,1.4163527364501336,-0.40392426440046414,0.44100361780229036,0.03428950189729927
0.796748150030774,2.7702165157494196,-2.981499137385196,0.8098227861866935,-2.0595043408509426,-0.40796936691156804,2.928925566813854,-2.269191953693181,-0.02335883218566954,0.3973770608000984,-0.7931567468883658,-1.0246880015952593,0.37600381143722283,0.3223899968744821,-1.8044165432569912,-1.273560800564414,1.350536706327241,-1.2744721797889083,-2.3811866829029924,-0.793327705943082,-0.5977641507268958,0.8452313266797112,-1.2624101487003103,0.48141370754497076,0.4145956973975709,-1.4271767931724704,0.2475273453080071,0.14564195822130938,1.2433388056185948,-0.35962597741971164,1.0824873541807005,-0.16987451549989674,-0.6296721193726319,0.28848425798416366,-0.6151944310043785
0.041142679785495476,-1.423179985136971,-3.897003116085257,2.8091459613265424,-1.508015849483666,-3.383289373095877,1.8507796913794488,-0.588777213832652,-1.2360811242271406,-0.09472578656312976,-0.8488022186254166,0.1703092346343802,1.1696089937230327,1.7963278867379633,-0.8691421060180993,-2.135065895764234,-1.4601038888330498,1.1741915417506148,2.4210007214405054,-1.7127390861028828,-1.3835093151907227,-0.05025956299727887,2.2429515252379417,-0.4699599735359192,-1.2941391392739883,0.41469015486924116,2.1479468116895797,1.918352836933977,0.9769870762416945,-0.354273432780767,-0.19276291069288187,-1.3269397743655202,-0.5672680326430408,0.969733020375052,-0.17581733696052315
9.852165286193506,5.051594928826039,0.8650081505742676,1.1261605063133642,-1.3214844144723896,1.5199136639531243,0.030235820306555274,2.395409520086591,-2.153246544754074,-0.011425661907189853,1.1487781052099777,1.979819103400103,0.1499016689533684,-1.2744834547843915,0.8086363140856923,0.3327916593346257,-0.5157233536349971,-0.9895249235662227,0.31207272031731537,0.11143276849367989,0.8914734950812412,0.33394601203922025,0.3940532409159098,-1.281110056838405,-1.6479526946423289,0.26434017005536053,0.2674405108371811,-0.30671023035104805,0.9833798777210117,0.27502486472114773,0.658735771416962,-0.5356695637962227,-0.3379524084957124,0.18147907670510652,0.7859714084641263
6.185313614820679,-0.8858036779461836,0.47829951415090166,-3.6347019591808567,-1.4125449347265757,1.591140074011237,-2.123917098086169,-2.232300134074347,-0.9527166415658921,-1.3105765018270672,0.766928218744884,0.29011129683908066,0.6194605385933182,-1.7552700206390925,-2.242661764685043,-0.2334798188435867,-2.6637166205853,1.7051916030456415,-0.35341096001563865,1.4257044392044167,0.22089541020727635,0.6334674980484315,1.7613089064984444,0.32910062474613455,0.27342237558715954,0.05109582257056708,0.4613682897958711,-0.36284447704677203,1.6992677629844153,0.09848152869669473,-0.4981466735150793,0.06956925540519632,-1.0996900016673927,0.2251010622417236,-0.27150222771331367
-7.848680598248288,3.640751354031261,1.8253495502356092,1.134738166069111,-3.892793953554977,-2.6073996519602884,1.1638822712081456,-0.8111316574358775,0.6748373781108612,-1.514758573404316,0.8420612580220516,0.4843896950524239,1.1935716167169697,0.6804776358309677,1.0223541271465582,0.4743661403605496,0.34355308476308616,-1.3981432862824805,-1.4552834819340115,-0.4316177460296332,0.5052812966110949,0.2152844840021848,-1.062685928249907,1.5036073335275,0.1774253679767274,-1.0574653012142459,-0.16564670227464556,0.20618085573777162,0.07089363088823981,-1.0589166123007339,0.6120257543958577,-0.21723080162640176,0.19153811837401036,-0.5080642393994587,0.270705748369781
5.137005828683715,-1.9618614228392142,0.5007865238828072,1.9104966046398209,-2.565434660189672,1.2223257234001823,0.19510944499134925,-0.8685216091680862,0.11881052968531439,2.0028507151037998,0.0040622210452418,-2.338990318914491,-1.6030637657151448,-0.9485224415312951,2.174396442498767,-0.850690795241948,0.6193109831604383,-0.9422814698062275,1.850653089754697,0.6844129932145652,0.3302317097593314,0.6338447023937435,-0.6800516775047176,0.6408762315225617,-0.5605837303983331,-1.136078557890909,-0.385157719388288,0.21365223331018182,-0.06484471539017704,-0.5815627533222851,1.5452371544523082,0.7516031963849638,0.2206799635154708,1.1421044207510276,-0.6668720529480046
-7.034703110778857,2.5061370784741785,2.1660933119577424,0.03571698275160123,0.08180020283086223,2.2811304479919343,-0.3991681927552255,1.9737273533724986,1.0517050184170411,-2.8131773820038077,-0.2740419342788959,-0.886529331833953,-0.645724258820697,0.041555912310251415,0.9475452451159125,-2.2350294804603306,-0.474228296965863,0.04217154533757149,-2.362871441698049,0.7260104099405037,-0.5058286543546924,-1.8717058630332981,2.7390296899844113,1.8283019344175575,-0.47168360575307455,0.7155354838177389,0.38539360061182504,0.5608486979045939,-0.47209312894370814,-2.189465662364797,1.0393839769644282,0.22394876321321672,-0.3637967044274085,0.53619422302284,0.04061305817581356
-1.0210026981453515,3.4658482786138034,-0.6709080479816483,-2.8430222531296385,-0.21832175914904586,-0.3999720083430391,-1.4875927948840904,-2.0835609383456544,0.7371162125824913,3.0161106723215516,-0.01141299824038368,-3.2288654437629813,-0.29398185533493987,-1.0114094379915697,1.5731473433492147,1.5377799052131818,-0.9682375309512443,-0.7735573817332597,-0.5363953341749503,-2.1469416988291283,0.2950266482105786,0.6726485404049387,0.6536633488592656,-2.495963034386544,-0.08327048265478738,0.2820681874737172,1.1934384776298719,-1.2019488512954157,0.43705468387157403,0.5320410237476974,-0.6566731232563764,-1.38228468704363,-0.5153255919494603,0.4764119622792513,-0.05290427721239283
12.228456093464795,2.6114120123324027,1.7413307187579217,0.43081913868379607,1.8152676998856545,0.9428243977429026,0.028132958016264958,1.2844915153698657,-0.6393355215145905,1.1720916809224415,1.9604390249742532,-0.6553052157484324,0.27899497406799,-0.11278740618452528,1.0743757927571196,-0.856034552070413,-0.8751118041585474,-2.7158319182137154,0.09473074436726572,0.31954800540863054,-0.14951751826974502,0.08268872359718166,-1.200979462536183,-1.0671151042685976,1.042606682112973,-1.0115315701550385,-0.9022824991123091,-0.06444421820693055,-0.10080143473788376,-0.9373357831575684,0.24594750663080428,-0.3880919283164348,0.7017869521394628,0.632264365598148,-0.6436554495631227
7.743722503602947,-1.9879185106616868,-3.183765942851074,1.7813058967891475,1.073777748538796,-0.2590165354426944,-0.09544231458278725,3.46077996939744,-1.21745119929313,1.8196185992409992,-0.9127608635702015,0.5798677390301289,-0.3612773752828867,1.304015036559619,-0.036867947298236746,-2.0171810334681837,0.5506944364369949,-0.3230693103354215,0.08812908365098186,-0.38513105167104295,-1.1122368621039218,1.5131476199058995,-0.46458923217488013,2.1236900868836894,-0.8165826314622895,1.9713556616986532,-0.6950104918257418,0.1729533011147862,0.1302215408691075,0.7624251279466656,-1.0676362581111376,0.37736010931015995,0.30125728472590224,-0.39814321005307995,0.5433032513515398
9.202806927696784,-0.3566423358104216,2.9653480848853184,-0.6566140398183538,-0.5148508204344743,-1.8976252368855735,0.8578120598226708,2.2738451830078734,0.8596927322988784,0.312069468204665,1.0907722860133366,0.21703958432203127,0.2626742160619112,0.554330196373044,1.622607379683941,0.7574052233374039,-0.6245645123554678,1.1360168348544308,-0.19803062915738479,-1.4738074966116461,-0.9237863878568469,1.846691392353578,-1.7171961468529136,0.6371680650771961,0.4969296657590595,-0.735119361629799,1.275511346289769,-0.4690265466847126,1.0842124959116737,0.4756323666588668,0.3667834189081875,0.27596956053483235,-0.7953936554105028,-0.05621569513874868,1.5189848613282368
-3.194310207448761,-1.7992123307524377,3.1706873328876117,1.9439365412753276,1.6129790192490703,-0.5267258657387495,1.7893054780146949,-0.9937684713910485,-0.06982353456413276,-2.334991486295024,2.77066301601527,-1.266412594140032,0.9663129470172855,0.8798917954771494,-1.1467780192165007,0.22294848956390886,0.8340949622601912,0.9749987965068648,0.0867663836303634,2.3292378953402064,-0.48277082325034304,0.2598864930348839,-0.6616088504263515,-0.6854070252625968,-1.651830949048889,-0.23718101751777423,-0.5439450290940862,0.35600769075642513,0.3886951432969084,0.2296410224999687,-1.401489144545649,-1.1390505378259697,-0.4676452982764663,-0.48034116916087727,0.0474836823419848
-0.48844707980767715,-2.0517207183117954,1.8703304769819518,-1.07832598954704,-2.3282813524926396,3.642273484450919,1.7688520738388211,-0.5784296234903463,2.0266643059405,1.833418216308036,-0.34586299088067773,-0.46149021098656295,0.9701727051368518,0.05763593621599443,-0.5740036364223863,-0.12431952884189863,-1.9787194175820664,-0.6998983750325486,2.352837141972389,-0.23983479358815799,0.15323848194429304,-0.27663765174940336,-0.218031965196169,-0.5235192833473149,0.5045653191498491,0.8672528995799224,-1.7952873611859113,1.2669055341673796,-0.17167454166218057,-1.0875724026176832,-0.33773313090881,-1.0267345260264247,0.7177750457107432,-0.07571400031089044,0.6372624432572145
-7.696437114462825,1.4972428791368002,-0.2629089542410321,2.810345812041282,-1.2317781763689752,2.557910607135205,-1.1853668410087579,2.0927697057920525,3.0916543585191607,-0.3193768361117766,-1.0775753139950757,1.0087891175723245,0.9374787853614958,-1.2298351048917453,0.5572468518371712,0.8298809307394535,1.6868915151264958,-1.345676113773245,0.007709467497506122,1.1704281937443264,0.02329823677425595,-1.2564324033869483,-0.07680544342302398,0.04030674452538605,-0.18540401049704347,1.0269523506963993,-0.9446137500186316,-0.16046137484905607,0.825652150593686,-0.053259742169344884,-0.18474629753620855,0.22308431619938507,-0.12345873260816517,0.577437673087683,0.4439809914825706
5.206137445072089,0.005743678688051707,-0.2670436974680916,-1.0106816118084687,2.0474112778510674,2.012328364321854,-0.3297711942468036,1.406455403266628,1.6796813722104988,0.05069023996255702,-1.5139089338121727,2.5652317764771237,-0.9295905692926236,2.0380827949826825,2.5183595714561884,1.0965349874830483,1.6385958694416716,0.8335279234223252,-0.011096356113495836,-0.7516247412608548,0.4721259063127817,0.23130767115833814,0.08450568661485673,-0.8768760253074873,0.761049765925682,0.041776710018760696,-0.2588676049702658,1.093779828055034,-0.08925430333952333,-0.4848814288142835,0.26160995539548193,-0.06538111698857901,-0.8791195408174661,0.22975874641008223,-0.2284792675571966
-1.4386383002026166,-1.4555835070109677,2.882973414141797,3.643401129275801,3.655584739260547,0.4199002135952138,1.6031513265287174,-0.6565487566470763,1.3117701661025274,2.0849031066578556,-0.15276782904310166,-0.8555709849499169,1.2818253410708604,0.571152951793089,-0.22444536863533582,1.8360052831992586,1.7530966488752417,1.5681033305562317,-0.8363356359465856,-1.5327010377004113,0.36620232126924646,0.6745350015499602,1.5549579299589826,0.33332995637822055,-0.4881841057232383,-0.4099386319653645,-1.665702092209556,-0.5997794360177537,-0.6510312101620642,0.5943546140140862,-0.6302090796100734,-0.017435084854644213,-0.41985787361423915,1.2595780304664934,-0.4347228470170635
4.447934372583549,1.2769415999268547,1.9840759574983613,-1.152775145571392,3.481961826559371,-1.5742108649516189,0.33021568315747096,1.375801671730083,-0.6785219770394368,-2.6458104536959137,1.4495030525017938,1.8914459735784575,-0.979612867008586,-1.09570643891344,-0.583545009067136,1.5593741268009234,-1.6022088972771968,-0.3733279261847659,-0.21087285121235738,-0.5388225238402757,-0.8093510123620186,-1.5308777432905485,-0.005549217658251853,-0.06074053630230834,1.8282735256589597,-0.4135592049327833,-0.5583364839972841,1.4178588029865915,0.35286469571656537,1.2175396058080468,0.28579669114597656,0.31942326549346356,0.6024538367489175,0.6380382466398986,-1.037693599385254
0.49558935329671244,3.0193864308502936,1.0097590369887974,2.87086879113252,-1.3997170775809045,4.010546558899982,-0.2567336036929756,-1.2577301018441869,-0.5854711215772331,-0.4485904638441422,0.3547587733056899,0.4494431512495618,-2.722112734148824,-1.0008300300215418,0.8275197480694116,-1.1004828910342173,0.9482368603292011,1.86813590906499,0.8907746523182979,-1.4779556542103132,0.005853147327822691,0.5148222533502128,-1.012752445254722,-1.9681127372176845,0.3547652184561674,1.2830602292189925,0.09901013520431455,1.2603817911524933,-0.19283459206504128,-0.7266418834298294,-0.7297364968141569,1.548618884693345,-0.2537029775928494,-1.105310036856217,-0.2666974344745072
7.161183878468605,-1.8130428780652348,3.27178847636869,0.7669478922008703,-2.886329144415388,1.3896317455966007,-0.4573430314718741,0.8008688207503909,-0.6430243425324623,0.0863194499825089,-1.7631065612638848,-0.6599585948770523,0.38453569720406294,1.3648957060968605,0.8798990642581201,0.5710644212239557,-0.21685912524942577,1.4009503028173405,-0.7642597040872725,0.5167999314644169,1.3987581355933096,-0.7045299820140438,-1.2137880849794505,-0.6614947509272772,-0.28776449142517013,-0.16806517347652714,0.13958894052648999,1.447047024792414,1.1320855779849777,-0.8797662276886409,-0.39572612500964743,-0.7265366968865443,1.2452400761776896,-0.5065240172365452,0.5395827189393585
-6.234659505487886,3.063927287524508,1.5729215754890604,-2.5816871687067264,3.2766084747602005,-0.29346795780467355,0.07659452413081366,-1.0557973901352606,0.13113392947200067,0.2054181082140658,0.42068777641080957,-0.32206158055496886,0.6674147046529936,1.4939057077244837,0.4875619232896493,-1.5122626118975837,-0.8033166414818178,1.6416018937828807,-0.2096337876104206,-0.9498398863606018,0.3695162398155836,-0.5068081966364738,0.4464223225840442,-0.23306085220201608,1.2427261523456996,1.39634236831288,0.3251875602769169,-0.34705550228172577,1.1957887304856172,0.29724215756004774,0.16142228527927818,-0.7756430772374855,0.47403299484366884,0.5905381606619614,0.5781481136873975
2.77900818374019,-2.2370601145183735,0.44809080505796467,1.6452428822173644,-3.44682566122903,2.7005045289385374,-1.8684987829717283,0.3463868184745395,0.9146071766548476,-2.344851301210746,2.1716617521104573,-0.570280933510976,0.5399447591306068,1.651463079587408,0.4887176894646713,0.7851161817247143,-0.43157725852798506,-0.22548994604105316,0.7583616745825623,-0.6657733900823708,-0.3211417701988902,-0.9238820627611046,0.2819238847937285,-0.66570835075022,-1.1437977139464741,0.3957496628451747,0.9263539452124654,-2.3059907806494717,-0.7922491193226497,0.7157045591325876,0.6214240190298144,0.8763739671345722,-0.14751058133285813,0.294602746186358,0.4122227850099998
4.073922932030115,-0.08789904289975173,-0.6917072335556629,-0.6910571731715599,1.3798970455104482,-1.2771547325971602,1.0078414496296315,1.178104133925597,3.2741016095708653,-1.5891512376401573,0.48343889602529017,-0.34462265367323613,0.4271573177905227,0.5746343517690242,-0.7327340181746482,2.4209748182992654,0.8270864855568344,-0.11809792569979002,1.1547455206854311,0.013691014568777101,-0.32233565523246865,-1.266157024908639,0.7193417398129792,-1.3624517700535332,-0.9489224147627112,0.7319415013396676,0.44398914947155227,-0.14276278309224658,0.3287707488851107,0.2227209787461991,-0.20375714732819597,-1.3163337779048332,0.8858081418839896,-1.0088778052004588,-0.05533162523786171
3.29306652369772,-1.4360719904989043,-0.13667360925005226,-0.8510473203703094,-2.655836999585686,-3.029125979303142,-1.1389223787071598,2.5468255707829752,-1.0561861978176281,1.5744574357516499,-1.2283018314426453,0.8028118761819866,-1.566095414336757,-0.0021449194676910603,-1.5340239953052353,-0.42312137546217693,0.8089291749045803,1.1754592013874456,-0.44291828941263944,-0.9591967787206872,-0.31212603472849293,1.3957981834944324,0.7775975135488644,0.913363689496949,-0.464954547619926,0.6553562234966657,0.23198597111329197,0.11938096394754252,-0.12314635071237759,-0.4745118501237227,0.048253771265116,1.0679954879350113,0.3216290970862199,-0.09653199756402121,1.6422428422605557
-12.87997479634285,1.2554265842033487,-0.4753254469329027,-2.7879022986011077,1.5743949534205257,2.0225777338052278,-1.3529565170685536,1.4028491169971125,0.7926530196697782,1.8464670558218343,0.8781341206798052,-1.0959226043403656,2.87310951088186,1.8118068449015088,-0.9842924560650591,-2.635036147158526,-1.0040426266592697,1.364700528995329,0.48115511978544734,0.4932488765057998,1.3999254460359765,1.2341034850590706,-0.9463775903409546,-1.2307184165281027,0.282743734584891,0.6180943046494057,0.9521625556022278,-0.9739380819743648,0.7884867947572589,0.6151123920692213,-0.8611874080404402,1.064631245540988,-0.19010413998881356,0.33637537313290117,-0.8521288271698065
-4.2064196504295,-4.770612006688184,1.9304767374757799,-0.7668503019724862,-1.1987080248573927,1.9718853785910702,0.7737042111358964,-4.700842689925162,1.959297344639084,-0.789604152024552,-0.4503563594015712,2.825089377195018,1.5549445139836124,-2.2119268423177605,2.3963461453610604,-1.9213095804846956,-0.5631942042310846,-0.591642257245093,-1.305163536123041,-0.5299100309670198,-1.971277812885343,0.40190383323427187,0.7867387489534752,0.7083493035962056,-0.8319957444771675,0.27608306792124254,-0.6833271034237496,-1.7303116321774041,-0.12081970787338232,0.3161411060920929,-0.11503402869126875,0.7170602331072589,-0.2147065410396141,-0.05832475945624024,0.6388741469310869
-14.712779518553187,1.0501298489218598,-2.7669728850936326,-1.8756479601619191,-3.1318719755450246,1.479904982276169,0.10405513469409923,-0.16229350388320163,-0.060207959747549646,-0.898051243274892,-1.6963094602351854,2.829092138845462,0.9252622808120483,1.6453160709061219,1.1186645891082143,2.050148948044231,0.8349028727012309,0.13258278772710666,0.8236379652220478,-0.15945214581602934,-0.9025662706040246,0.031067296984507123,-0.1499995117441587,-1.3841827269755347,0.5700315398542183,-2.350809168964843,0.6670179752466592,1.6003617942823982,-0.3192356836051813,-0.09888775379783721,0.0885429281642556,1.0425304562581368,0.16061022622430443,0.7628776504908878,0.3238866668911448
-8.429165123756805,0.3067927186513054,1.0104026188880622,1.1781017061049384,1.3905047072316625,-0.9743684354644108,2.796309111579283,0.9968877342873298,-0.8281951583640448,1.4863064644035573,-2.6899605414739596,-1.7895259964741865,-0.33593860152722443,1.486775284323768,0.3750128380833853,3.163424041841051,1.4298884850535865,0.4447888197017929,1.7276717743265009,0.06250978875253682,-0.687635374731554,0.37916731033299483,0.06362507352815808,1.5689477818047135,-1.0638563578490083,0.2178134499605667,1.4352453941322922,-1.6188784663005706,-0.28467162520878675,-0.898094165329896,0.7129302322108649,0.6234052208979851,0.0029893683682886293,-0.46885578210591294,0.1375118834284578
-5.851946220476151,-1.668330624075994,3.5741398081706808,-1.6316441938966928,1.1340637857716824,3.0241649550416914,1.7187879213891268,1.6030212470747562,-1.5938310647563234,0.3529167359893202,1.021084018764173,2.2564777535485856,0.7702300951207414,-0.4954724660172038,0.6148784076950935,-2.9658873974039217,-2.5924250274398415,-1.0242084227883983,-1.0213588380000629,0.2463702456709874,-0.7343314735409127,-0.2389526246870933,0.019509644692611624,2.1613190517935394,-1.5693123378598148,-0.13505580584244267,1.3041689490869919,0.7527109842490899,-0.9614412761795279,-0.00802201599992169,-0.14564648670033797,0.9990410273148158,-0.5482342656092098,-0.22374469628752816,-0.6337366369526232
2.6505385374954438,-0.48147920527274013,2.0543596361382415,-3.8114730862179615,1.956540679241139,1.0830073148014188,3.3926876789686955,1.2109465379338167,-0.22809831155970403,-0.08406092967369515,0.035690965959145164,2.533677051758392,-0.884767210292258,-2.818139809847151,-0.6718005839733664,1.2806306142699317,1.2425679240160268,-1.808016630433668,3.605077863404197,-0.4026105286693346,0.02976005104051203,1.317409599338891,1.1950603897332204,-0.2557213915386365,-0.48930401121106504,-1.1215100470041939,0.3826652140727549,0.3877375404227009,-0.28445854361599826,0.22042859186724123,0.7637514143164053,0.07334381632778718,-0.4275873207881293,-0.8987621817882094,-0.38692683650447585
5.459525114341829,1.3422821746678897,-2.0211669188663235,-1.132826929740054,-0.5264186484530506,-0.6225222944353249,0.6466941571532145,-2.879441999103506,-1.0265296547515217,0.2029372020269136,0.6773039551172256,2.8965161874666956,-1.1302414709210142,2.5920219091404593,0.16852069963404515,0.950618778042543,0.3370633971593469,1.440982865222509,-1.716422800711679,-0.26371512919612117,-0.23982102478812115,-1.5551721236084721,-1.4541972998656771,0.5428575332689705,-1.7989780949872802,-1.2763685804123062,0.5789559281516333,0.9510310068022377,-0.047663203698057655,-0.6805252031869975,-1.6400326697351033,0.33351972830413873,-0.8895893172948691,-0.8777447390249312,0.9254086976908084
